Dr A Sreenivas Kumar,"MBBS, MD(Gen Med), DM(Cardio)SGPGI,  FACC(USA)",Cardiology,"20 years
          of experience",English,"MON- SAT
             (09:00 AM-05:30 PM)",Apollo Health City Jubilee Hills,1,Cardiologist,hyderabad
Dr Aslam Mohammad Khan,MBBS;  MD;  Diplomate AB of Internal Medicine:  Electrophysiology,Cardiology,"10 years
          of experience","English, हिंदी, اردو","FRI
             (01:30 PM-02:30 PM)",Apollo Health City Jubilee Hills,2,Cardiologist,hyderabad
Dr B V A Ranga Reddy,"MBBS, MD(General Medicine), DM(Cardiology)",Cardiology,"2 years
          of experience","English, हिंदी, తెలుగు","MON- THU | FRI | SAT
             (09:00 AM-04:00 PM, 05:00 PM-05:30 PM | 09:00 AM-04:00 PM, 04:45 PM-05:30 PM | 09:00 AM-04:00 PM, 05:00 PM-05:30 PM)",Apollo Health City Jubilee Hills,3,Cardiologist,hyderabad
Dr Badri Narayana Tumulu,"MBBS; MD (Medicine), DM (Cardiology)",Cardiology,"31 years
          of experience","English, हिंदी, ଓଡ଼ିଆ, తెలుగు","MON, WED, FRI | TUE, THU, SAT
             (10:30 AM-03:00 PM | 10:30 AM-01:00 PM)",Apollo Health City Jubilee Hills,4,Cardiologist,hyderabad
Dr col M Sitaram,"DM, MD, MBBS,BDS, FDSRCS, FFDRCS",Cardiology,"37 years
          of experience","English, हिंदी, తెలుగు","MON, WED, THU, SAT
             (01:30 PM-04:00 PM)",Apollo Hospitals Secunderabad,5,Cardiologist,hyderabad
Dr E Sanjeeva Kumar,"MD, DM",Cardiology,"10 years
          of experience","English, हिंदी, తెలుగు","MON- SAT
             (09:00 AM-05:30 PM)",Apollo Health City Jubilee Hills,6,Cardiologist,hyderabad
Dr G Kondal Rao,"MD, DM (CARD)",Interventional Cardiologist,"28 years
          of experience","English, हिंदी, తెలుగు","MON- SAT
             (01:00 PM-01:45 PM, 01:45 PM-02:00 PM)",Apollo Hospitals Hyderguda,7,Cardiologist,hyderabad
Dr Gokul Reddy Mandala,"DM, MD, FACC",Cardiology,"15 years
          of experience","English, हिंदी, తెలుగు","MON- SAT
             (09:00 AM-05:30 PM)",Apollo Health City Jubilee Hills,8,Cardiologist,hyderabad
Dr Healthy Heart,"MBBS, MD",Cardiology,"5 years
          of experience","English, हिंदी, తెలుగు","MON- SAT
             (09:00 AM-05:30 PM)",Apollo Hospitals Secunderabad,9,Cardiologist,hyderabad
Dr Healthyheart Drdo,MBBS,Cardiology,"7 years
          of experience","English, हिंदी, తెలుగు","MON- SAT
             (09:00 AM-05:30 PM)",Apollo Hospitals D R D O,10,Cardiologist,hyderabad
Dr Healthyheart Hyderguda,MBBS,Cardiology,"6 years
          of experience","English, हिंदी, తెలుగు","MON- SAT
             (09:00 AM-05:30 PM)",Apollo Hospitals Hyderguda,11,Cardiologist,hyderabad
Dr Healthyheart Jubileehills,"MBBS, DMRD",Cardiology,"10 years
          of experience","English, हिंदी, తెలుగు","MON- SAT
             (12:00 PM-05:30 PM)",Apollo Health City Jubilee Hills,12,Cardiologist,hyderabad
Dr K M K Reddy,"MBBS, MD (Medicine), DM (Cardiology),FACC,FCSI",Cardiology,"15 years
          of experience","English, हिंदी, తెలుగు","MON- SAT
             (02:00 PM-05:00 PM)",Apollo Health City Jubilee Hills,13,Cardiologist,hyderabad
Dr Karri Venkata Reddy,"MBBS, MS, M.Ch.",Cardiology,"20 years
          of experience",English,"MON- SAT
             (09:00 AM-01:45 PM, 01:45 PM-05:00 PM)",Apollo Hospitals Hyderguda,14,Cardiologist,hyderabad
Dr Karunakar Rapolu,"MBBS, MD, DM Cardiology",Cardiology,"8 years
          of experience","English, हिंदी, తెలుగు","MON, TUE, THU- SAT
             (02:00 PM-03:30 PM)",Apollo Health City Jubilee Hills,15,Cardiologist,hyderabad
Dr Abhijit Vilas Kulkarni,"MBBS, MD, DM (Cardiology)",Cardiology,"10 years
          of experience","English, हिंदी, ಕನ್ನಡ","MON- THU | FRI | SAT
             (11:00 AM-02:00 PM, 06:00 PM-08:00 PM | 09:00 AM-01:45 PM, 02:00 PM-04:00 PM, 06:00 PM-08:00 PM | 11:00 AM-02:00 PM, 06:00 PM-08:00 PM)","Apollo Hospitals Bannerghatta Road, Apollo Speciality Hospitals Jayanagar Bangalore",1,Cardiologist,bangalore
Dr AMITH R,"MBBS, MD, DM",Cardiology,"10 years
          of experience","English, हिंदी, ಕನ್ನಡ","MON- SAT
             (05:00 PM-06:00 PM)","Apollo Spectra Hospitals Koramangala, Apollo Clinic Koramangala",2,Cardiologist,bangalore
Dr C M Nagesh,"MBBS (Bangalore University)
MD (General Medicine, Rajasthan University)
DM (Cardiology, AIIMS Delhi)",Cardiology,"14 years
          of experience","English, हिंदी, ಕನ್ನಡ","MON- SAT
             (04:00 PM-06:00 PM)",Apollo Hospitals Bannerghatta Road,3,Cardiologist,bangalore
Dr Girish B Navasundi,"MBBS, MD (Gen Medicine), DNB (Cardiology)",Cardiology,"21 years
          of experience","English, हिंदी, ಕನ್ನಡ, తెలుగు","MON- SAT | MON- SAT | MON- SAT | MON- SAT
             (09:00 AM-01:00 PM | 02:00 PM-04:00 PM | 09:00 AM-01:00 PM | 02:00 PM-04:00 PM)",Apollo Hospitals Bannerghatta Road,4,Cardiologist,bangalore
Dr Jaya Ranganath,"MBBS
M D ( Medicine)
DM (Cardiology)
Fellowship in Pediatric Cardiology RCH- Melbourne Australia",Cardiology,"24 years
          of experience","English, हिंदी, ಕನ್ನಡ, తెలుగు","MON- SAT
             (03:00 PM-04:45 PM)",Apollo Hospitals Sheshadripuram,5,Cardiologist,bangalore
Dr K B Prasad,"MBBS,MD,DM",Cardiology,"16 years
          of experience","English, हिंदी, ಕನ್ನಡ","MON- SAT, MON- SAT
             (10:00 AM-04:00 PM)",Apollo Hospitals Bannerghatta Road,6,Cardiologist,bangalore
Dr Lakshmikanth P,"MBBS, MD, DM",Interventional Cardiologist,"7 years
          of experience","English, આ, हिंदी, ಕನ್ನಡ, മലയാളം, தமிழ், తెలుగు","MON- SAT, MON- SAT
             (10:00 AM-04:00 PM)",Apollo Hospitals Bannerghatta Road,7,Cardiologist,bangalore
Dr Prasanna Katti,"MBBS,MD,DM",Cardiology,"8 years
          of experience","English, हिंदी, ಕನ್ನಡ, తెలుగు","MON- SAT
             (03:00 PM-05:15 PM)",Apollo Hospitals Sheshadripuram,8,Cardiologist,bangalore
Dr RAHUL PATIL,"MBBS 
MD (Gen Med)      
DM (Cardiology)",Cardiology,"6 years
          of experience","English, हिंदी, ಕನ್ನಡ","MON- SAT
             (05:00 PM-08:00 PM)",Apollo Hospitals Bannerghatta Road,9,Cardiologist,bangalore
Dr Ramesh B,"MBBS, MD (Gen Med), DM (Cardiology)",Cardiology,"27 years
          of experience","English, हिंदी, ಕನ್ನಡ, తెలుగు","MON- SAT
             (10:00 AM-02:00 PM)",Apollo Hospitals Bannerghatta Road,10,Cardiologist,bangalore
Dr Satvic C Manjunath,"MBBS, MD, DM, Cardiology",Cardiology,"5 years
          of experience","English, हिंदी, ಕನ್ನಡ","MON- SAT
             (05:00 PM-07:00 PM)",Apollo Speciality Hospitals Jayanagar Bangalore,11,Cardiologist,bangalore
Dr Venkatesh T K,"MBBS, MD (Med), DNB (Cardiology)",Cardiology,"15 years
          of experience","English, हिंदी, ಕನ್ನಡ","MON- WED, FRI, SAT
             (09:00 AM-01:00 PM)",Apollo Speciality Hospitals Jayanagar Bangalore,12,Cardiologist,bangalore
Dr Venkatesh T K,"MBBS, MD (Med), DNB (Cardiology)",Cardiology,"5 years
          of experience","English, हिंदी, ಕನ್ನಡ","MON- SAT | MON- SAT | MON- SAT | MON- SAT
             (09:00 AM-01:00 PM | 02:00 PM-04:00 PM | 09:00 AM-01:00 PM | 02:00 PM-04:00 PM)",Apollo Hospitals Bannerghatta Road,13,Cardiologist,bangalore
Dr Vikram Kolhari,"MBBS, MD, DM",Cardiology,"10 years
          of experience","English, हिंदी, ಕನ್ನಡ, తెలుగు","MON- SAT
             (02:30 PM-04:45 PM)",Apollo Hospitals Sheshadripuram,14,Cardiologist,bangalore
Dr Vithal D Bagi,"MBBS, MD General medicine, DM Cardiology, DNB Cardiology",Cardiology,"10 years
          of experience","English, हिंदी, ಕನ್ನಡ","MON- SAT
             (12:00 PM-04:00 PM)",Apollo Hospitals Bannerghatta Road,15,Cardiologist,bangalore
Dr Abraham Oomman,"MBBS, MD - General Medicine, DM - Cardiology, DNB - Cardiology",Cardiology,"20 years
          of experience","English, മലയാളം","MON- SAT
             (09:00 AM-12:00 PM)","Apollo Hospitals Greams Road Chennai, Apollo Hospitals Tondiarpet, Apollo City Center Hospital Sowcarpet, The Apollo Heart Centre",1,Cardiologist,chennai
Dr Anand Gnanaraj,"MBBS, MD, DM, FNB",Cardiology,"9 years
          of experience","English, தமிழ்","MON- SAT
             (03:00 PM-05:00 PM)","Apollo Hospitals Greams Road Chennai, Apollo Speciality Hospitals Vanagaram",2,Cardiologist,chennai
Dr Anuradha Sridhar,"MBBS, DNB, FNB",Cardiology,"10 years
          of experience","English, हिंदी, தமிழ், తెలుగు","MON- SAT
             (10:00 AM-02:00 PM)","Apollo Children Hospital Chennai, Apollo Speciality Hospitals O M R",3,Cardiologist,chennai
Dr Arul Ebnezer Daniel,"MBBS, MD, DNB CARDIOLOGY",Cardiology,"10 years
          of experience","English, தமிழ், తెలుగు","MON- SAT
             (01:00 PM-04:00 PM)",Apollo Speciality Hospitals O M R,4,Cardiologist,chennai
Dr Arulnidhi Ayyanathan,"MBBS, MRCP(UK), AB(US), MBA(US)",Cardiology,"10 years
          of experience","English, தமிழ்","SUN- SAT
             (11:00 AM-01:00 PM)",The Apollo Heart Centre,5,Cardiologist,chennai
Dr Arumugam C,"MBBS, MD(general Medicine), DM(Cardiology)",Cardiology,"16 years
          of experience","English, தமிழ்","MON- SAT
             (09:00 AM-04:00 PM)",Apollo Speciality Hospitals O M R,6,Cardiologist,chennai
Dr Asha Mahilmaran,MD; DNB;  DM,Cardiology,"16 years
          of experience","English, हिंदी","MON- SAT
             (09:00 AM-04:00 PM)","Apollo Hospitals Greams Road Chennai, Apollo Firstmed Hospital, Apollo Hospitals Tondiarpet",7,Cardiologist,chennai
Dr D Vaidhyanathan,"MBBS, MD, DM, FRCP(Ed) FRCP(G) Cardiology.",Cardiology,"30 years
          of experience","English, தமிழ்","MON- SAT
             (12:30 PM-02:00 PM)","Apollo Firstmed Hospital, The Apollo Heart Centre",8,Cardiologist,chennai
Dr DEEPESH VENKATRAMAN,MBBS; MD (Medicine); DM (Cardiology); DNB ( Cardiology ); AFESC,Cardiology,"5 years
          of experience",English,"MON- SAT
             (09:30 AM-10:30 AM, 05:30 PM-07:00 PM)","Apollo Firstmed Hospital, Apollo Speciality Hospitals Vanagaram",9,Cardiologist,chennai
Dr Dhamodaran K,"DM(Cardiology), FNB, FESC, FSCAI",Cardiology,"16 years
          of experience","English, हिंदी, தமிழ், తెలుగు","MON- SAT
             (09:00 AM-05:00 PM)",Apollo Hospitals Greams Road Chennai,10,Cardiologist,chennai
Dr Harikrishnan P,"MBBS, MD(Gen Med), MRCP(London, UK), CCST(Cambridge, UK), Fellowship(Canada)",Cardiology,"4 years
          of experience","English, தமிழ், తెలుగు","MON- SAT
             (09:00 AM-11:00 AM)",Apollo Speciality Hospitals Vanagaram,11,Cardiologist,chennai
Dr Healthyheart Annasalai,MBBS,Cardiology,"7 years
          of experience","English, ಕನ್ನಡ","MON- SAT
             (09:00 AM-01:45 PM, 01:45 PM-06:00 PM)",Apollo Cancer Institutes,12,Cardiologist,chennai
Dr Healthyheart Firstmed,MBBS,Cardiology,"8 years
          of experience","English, ಕನ್ನಡ","SUN- SAT
             (06:00 AM-11:00 PM)",Apollo Firstmed Hospital,13,Cardiologist,chennai
Dr Healthyheart Greamsroad,MBBS,Cardiology,"5 years
          of experience","English, தமிழ்","SUN- SAT
             (12:00 AM-11:45 PM)",Apollo Hospitals Greams Road Chennai,14,Cardiologist,chennai
Dr Healthyheart Tondiarpet,MBBS,Cardiology,"4 years
          of experience","English, தமிழ்","SUN- SAT
             (07:00 AM-11:00 PM)",Apollo Hospitals Tondiarpet,15,Cardiologist,chennai
Dr Ajit Mehta,Speciality: Cardiology,Language: English,,,"FRI
             (11:00 AM-12:30 PM)",Jehangir Hospital,1,Cardiologist,pune
Dr J S Dugal,Speciality: Cardiology,Language: English,,,"MON- SAT
             (01:00 AM-04:00 AM)",Jehangir Hospital,2,Cardiologist,pune
Dr Naresh Munot,"MBBS, MD Medicine, MRCP (London), FCCP (USA), D. Diab (UK), DM (Cardio)",Cardiology,"5 years
          of experience","English, हिंदी, मराठी","MON- SAT
             (04:30 PM-05:30 PM)",Apollo Spectra Hospitals Pune,3,Cardiologist,pune
Dr Priya Palimkar,Speciality: Cardiology,Language: English,,,"TUE
             (09:00 AM-01:30 PM, 01:30 PM-02:00 PM)",Jehangir Hospital,4,Cardiologist,pune
Dr Abhay Somani,"MBBS, MD, DNB (cardiology)",Cardiology,"12 years
          of experience","English, हिंदी, मराठी","MON- SAT
             (11:00 AM-12:00 PM)",Apollo Clinic Wanowrie,5,Cardiologist,pune
Dr Ajitkumar Jadhav,"MD,DNB, (CARDIOLOGY)",Cardiology,"7 years
          of experience",English,"MON- SAT
             (06:00 PM-07:00 PM)",Apollo Clinic Nigdipradhikaran,6,Cardiologist,pune
Dr BHUSHAN ASHOK BARI,"MBBS, D.N.B.General Medicine, D.N.B.Cardiology",Cardiology,"15 years
          of experience",English,"MON, WED- SAT
             (11:00 AM-12:00 PM)",Apollo Clinic Wanowrie,7,Cardiologist,pune
Dr Pramod Bhanudas Narkhede,"MBBS, DNB Medicine, DNB Cardiology",Cardiology,"12 years
          of experience","English, हिंदी, मराठी","MON- FRI
             (08:00 AM-09:00 AM)","Apollo Clinic Viman Nagar Pune, Apollo Clinic Kharadi",8,Cardiologist,pune
Dr Priya Palimkar,Speciality: Cardiology,Language: English,,,"TUE, THU | SAT
             (05:30 PM-06:30 PM | 09:00 AM-10:00 AM, 05:30 PM-06:30 PM)",Apollo Clinic Viman Nagar Pune,9,Cardiologist,pune
Dr Sachin Tukaram Hundekari,"MD (Medicine), DNB Cardiology",Cardiology,"12 years
          of experience","English, हिंदी, मराठी","MON- SAT
             (05:00 PM-07:00 PM)",Apollo Clinic Nigdipradhikaran,10,Cardiologist,pune
Dr Saurabh Potdar,"MBBS, DM (CARDIOLOGY)",Cardiology,"6 years
          of experience","English, हिंदी","MON- SAT
             (09:00 AM-10:00 AM)",Apollo Clinic Nigdipradhikaran,11,Cardiologist,pune
Dr Ajit Menon,"MD, DM",Cardiology,"21 years
          of experience","English, हिंदी, മലയാളം, मराठी","SUN- SAT
             (08:00 AM-08:00 PM)",Apollo Hospitals Navi Mumbai,1,Cardiologist,mumbai
Dr Anuj Sathe,"MBBS, MD, DM Cardiology",Cardiology,"12 years
          of experience","English, हिंदी, मराठी","MON, FRI
             (05:00 PM-08:00 PM)",Apollo Hospitals Navi Mumbai,2,Cardiologist,mumbai
Dr Ghanshyam Kane,"MBBS, MD(Medicine), DM(Cardiology), FACC(USA)",Cardiology,"32 years
          of experience","English, આ, हिंदी","WED, FRI
             (10:00 AM-01:00 PM)",Apollo Hospitals Navi Mumbai,3,Cardiologist,mumbai
Dr Govinda Pillai,"MBBS, MD (Med), DM (Cardio)",Cardiology,"38 years
          of experience","English, हिंदी, മലയാളം, मराठी","FRI
             (10:00 AM-01:00 PM)",Apollo Hospitals Navi Mumbai,4,Cardiologist,mumbai
Dr Healthyheart Dr Ayaz Ahmed Mumbai,"MBBS, MD (Med), DNB, MNAMS, Dip CARD",Cardiology,"8 years
          of experience","English, हिंदी","SUN- SAT
             (08:00 AM-10:00 PM)",Apollo Hospitals Navi Mumbai,5,Cardiologist,mumbai
Dr Keshav Kale,"MBBS, MD - Cardiology, DNB - Cardiology, DM",Cardiology,"9 years
          of experience","English, हिंदी, मराठी","MON- FRI | SAT | WED, THU
             (12:00 PM-06:00 PM | 01:30 PM-05:30 PM | 10:00 AM-12:00 PM)",Apollo Hospitals Navi Mumbai,6,Cardiologist,mumbai
Dr Mahesh Ghogare,"MBBS, MD (Internal Medicine), DM (Cardiology)",Cardiology,"6 years
          of experience","English, हिंदी, मराठी","TUE, THU, SAT
             (05:00 PM-08:00 PM)",Apollo Hospitals Navi Mumbai,7,Cardiologist,mumbai
Dr Nikhil Parchure,"MBBS, MD, MRCP, FRCP",Cardiology,"31 years
          of experience","English, हिंदी, मराठी","MON- SAT
             (09:00 AM-01:45 PM, 01:45 PM-05:00 PM)",Apollo Hospitals Navi Mumbai,8,Cardiologist,mumbai
Dr Rahul R Gupta,"MBBS, MD(Internal Medicine), DM(Cardiology)",Cardiology,"18 years
          of experience","English, આ, हिंदी","MON- SAT
             (11:00 AM-01:00 PM)",Apollo Hospitals Navi Mumbai,9,Cardiologist,mumbai
Dr Sanjeevkumar Ramchandra Kalkekar,"MBBS, MD (Gen. Med), DNB (Cardiology)",Interventional Cardiologist,"13 years
          of experience","English, हिंदी, मराठी","MON- SAT
             (10:00 AM-04:00 PM)",Apollo Hospitals Navi Mumbai,10,Cardiologist,mumbai
Dr Shoaib Padaria,MBBS; MD(Medicine); DM (Cardiology),Cardiology,"23 years
          of experience","English, हिंदी, मराठी","THU
             (10:00 AM-12:00 PM)",Apollo Spectra Hospitals Tardeo,11,Cardiologist,mumbai
Dr Tamiruddin Danwade,"MBBS, MD(MEDICINE), DNB(Cardiology)",Cardiology,"4 years
          of experience","English, हिंदी, मराठी, తెలుగు","MON | TUE | WED | THU | FRI | SAT
             (09:00 AM-01:00 PM, 05:00 PM-07:30 PM | 09:00 AM-01:00 PM, 02:00 PM-07:30 PM | 09:00 AM-01:00 PM, 05:00 PM-07:30 PM | 09:00 AM-01:00 PM, 02:00 PM-07:30 PM | 09:00 AM-01:00 PM, 05:00 PM-07:30 PM | 09:00 AM-01:00 PM, 02:00 PM-07:30 PM)","Apollo Hospitals Navi Mumbai, Apollo Outpatient Centre Vashi",12,Cardiologist,mumbai
Dr Sachin Khandelwal,"MBBS, Dip.Card,AFIH ( mum)",Cardiology,Language: English,,"MON- SAT
             (11:00 AM-05:00 PM)",Apollo Clinic Colaba,13,Cardiologist,mumbai
Dr Vedanti Shringare,"MBBS, DNB",Cardiology,"5 years
          of experience","English, हिंदी, मराठी","MON | TUE | WED- SAT
             (08:30 AM-09:30 AM | 08:30 AM-08:50 AM | 08:30 AM-09:30 AM)",Apollo Outpatient Centre Vashi,14,Cardiologist,mumbai
Dr Amit Mittal,"MBBS, MD, DM(Cardiology)",Cardiology,"9 years
          of experience","English, हिंदी","MON | TUE | WED | THU | FRI | SAT
             (10:00 AM-12:00 PM | 12:00 PM-04:00 PM | 10:00 AM-12:00 PM | 12:00 PM-04:00 PM | 10:00 AM-12:00 PM | 12:00 PM-04:00 PM)",Apollo Hospitals Delhi,1,Cardiologist,delhi
Dr Arif Wahab,"MD (Medicine), DM (Cardiology)",Cardiology,"12 years
          of experience","English, हिंदी, اردو","MON | TUE, WED | THU | FRI | SAT
             (02:00 PM-04:00 PM | 04:00 PM-06:00 PM | 09:00 AM-10:00 AM | 02:00 PM-04:00 PM | 09:00 AM-10:00 AM)",Apollo Hospitals Delhi,2,Cardiologist,delhi
Dr Col V Hariharan,"MBBS, MD(Medicine), DM (Cardiology- AIIMS), FICA(USA) FISE FICC",Cardiology,"45 years
          of experience","English, हिंदी","MON | TUE | WED | THU | FRI | SAT
             (10:00 AM-12:00 PM | 12:00 PM-04:00 PM | 10:00 AM-12:00 PM | 12:00 PM-04:00 PM | 10:00 AM-12:00 PM | 12:00 PM-04:00 PM)",Apollo Hospitals Delhi,3,Cardiologist,delhi
Dr Healthyheart Delhi,MBBS,Cardiology,"8 years
          of experience","English, हिंदी","MON- SAT
             (09:00 AM-10:30 AM)",Apollo Hospitals Delhi,4,Cardiologist,delhi
Dr K K Kapur,"MBBS, MD(MEDICINE), DM(CARDIOLOGY)",Cardiology,"38 years
          of experience","English, हिंदी, தமிழ்","TUE- FRI
             (01:00 PM-01:15 PM)",Apollo Hospitals Delhi,5,Cardiologist,delhi
Dr K K Saxena,"MBBS, MD, DM",Cardiology,"36 years
          of experience","English, العَرَبِيَّة‎, français, हिंदी, മലയാളം","MON, SAT
             (11:30 AM-12:30 PM)",Apollo Hospitals Delhi,6,Cardiologist,delhi
Dr Mahesh Chandra Garg,"MBBS, MD ( Medicine ), MRCP (UK), FRCP(London), FRCP ( Glasgow) FRCP (Glasgow)",Cardiology,"30 years
          of experience","English, हिंदी","MON, WED | THU, SAT
             (12:00 PM-04:00 PM | 10:00 AM-12:00 PM)",Apollo Hospitals Delhi,7,Cardiologist,delhi
Dr Pradeep Jain,"MBBS, MD, DM",Cardiology,"24 years
          of experience","English, हिंदी","MON- SAT
             (01:00 PM-01:30 PM)",Apollo Hospitals Delhi,8,Cardiologist,delhi
Dr Prashanta Kumar Ghosh,"MBBS, MD(Med), DM(Cardiology)",Cardiology,"43 years
          of experience","English, বাংলা, हिंदी","MON- SAT
             (10:00 AM-04:00 PM)",Apollo Hospitals Delhi,9,Cardiologist,delhi
Dr Rajeev Kumar Rajput,"MBBS, MD, DM",Cardiology,"20 years
          of experience","English, हिंदी","MON | TUE | WED | THU | FRI | SAT
             (09:00 AM-12:00 PM | 12:00 PM-04:00 PM | 09:00 AM-12:00 PM | 12:00 PM-04:00 PM | 09:00 AM-12:00 PM | 12:00 PM-04:00 PM)",Apollo Hospitals Delhi,10,Cardiologist,delhi
Dr Rajiv Mehrotra,"MD (Gold Medalist), DM Cardiology",Cardiology,"30 years
          of experience","English, हिंदी","MON | TUE | WED | THU | FRI | SAT
             (01:00 PM-02:00 PM | 10:00 AM-11:00 AM | 01:00 PM-02:00 PM | 10:00 AM-11:00 AM | 01:00 PM-02:00 PM | 10:00 AM-11:00 AM)",Apollo Hospitals Delhi,11,Cardiologist,delhi
Dr Raman Puri,"MD, DM",Cardiology,"39 years
          of experience","English, हिंदी","MON | TUE | WED | THU | FRI | SAT
             (01:00 PM-03:15 PM | 10:30 AM-12:00 PM | 01:00 PM-03:15 PM | 10:30 AM-12:00 PM | 01:00 PM-03:15 PM | 10:30 AM-12:00 PM)",Apollo Hospitals Delhi,12,Cardiologist,delhi
Dr S K Gupta,"MD, DM, DIP.NB Cardiology, MNAMS, FICA (USA)",Cardiology,"33 years
          of experience","English, हिंदी, தமிழ்","MON- SAT
             (11:00 AM-01:00 PM)",Apollo Hospitals Delhi,13,Cardiologist,delhi
Dr Sunil Modi,"MBBS (Hons.),MD (Medicine),DM (Cardiology)",Cardiology,"36 years
          of experience","English, हिंदी, मराठी, ਪੰਜਾਬੀ","MON | TUE | WED | THU | FRI | SAT
             (11:00 AM-01:00 PM | 01:30 PM-01:45 PM, 01:45 PM-02:45 PM | 11:00 AM-01:00 PM | 01:30 PM-01:45 PM, 01:45 PM-02:45 PM | 11:00 AM-01:00 PM | 01:30 PM-01:45 PM, 01:45 PM-02:00 PM)",Apollo Hospitals Delhi,14,Cardiologist,delhi
Dr Vipul Narain Roy,"MBBS, MD, MRCP (UK)",Cardiology,"30 years
          of experience","English, हिंदी","MON | TUE | WED | THU | FRI | SAT
             (11:00 AM-12:00 PM | 02:00 PM-04:00 PM | 11:00 AM-12:00 PM | 01:00 PM-04:00 PM | 11:00 AM-12:00 PM | 01:00 PM-04:00 PM)",Apollo Hospitals Delhi,15,Cardiologist,delhi
Dr Balavardhan Reddy,MBBS; MS (ORTHOPAEDICS); MCh. (ORTHOPAEDICS),Orthopaedic Surgeon,"17 years
          of experience","English, हिंदी, తెలుగు","MON- SAT
             (11:00 AM-04:00 PM)",Apollo Health City Jubilee Hills,1,orthopaedic-surgeon,hyderabad
Dr Bhanu Prakash Reddy Rachamallu,"MBBS , D'ORTHO, DNB (ORTHO), Mch (ORTHO),  FELLOWSHIP IN ARTHROPLASTY",Orthopaedic Surgeon,"24 years
          of experience","English, हिंदी, తెలుగు","MON- SAT
             (09:30 AM-04:00 PM)",Apollo Health City Jubilee Hills,2,orthopaedic-surgeon,hyderabad
Dr Chintapeta Ravi,"MBBS, M.S. ORTHOPAEDICS, MRCS UK Joint Replacement",Orthopaedic Surgeon,"22 years
          of experience","English, हिंदी, తెలుగు","SUN- SAT
             (12:00 AM-11:45 PM)",Apollo Hospitals D R D O,3,orthopaedic-surgeon,hyderabad
Dr Gopinath Kattamuri,"MBBS, MS Ortho, Mch Ortho",Orthopaedic Surgeon,"14 years
          of experience","English, हिंदी, తెలుగు","SUN- SAT
             (12:00 AM-11:45 PM)",Apollo Hospitals D R D O,4,orthopaedic-surgeon,hyderabad
Dr Hari Sharma M,"MBBS, M.S(Ortho)",Orthopaedic Surgeon,"28 years
          of experience","English, हिंदी, తెలుగు","MON- SAT
             (11:00 AM-01:00 PM)",Apollo Hospitals Hyderguda,5,orthopaedic-surgeon,hyderabad
Dr Jairamchander Pingle,MBBS; MS (Ortho); FRCS,Orthopaedic Surgeon,"45 years
          of experience","English, العَرَبِيَّة‎, हिंदी, తెలుగు","MON- SAT
             (09:30 AM-12:30 PM)",Apollo Health City Jubilee Hills,6,orthopaedic-surgeon,hyderabad
Dr Jarugumilli Srikanth,"MBBS, D ORTHO, DNB Ortho",Orthopaedic Surgeon,"20 years
          of experience","English, हिंदी, తెలుగు","SUN- SAT
             (12:00 AM-05:00 PM)",Apollo Hospitals D R D O,7,orthopaedic-surgeon,hyderabad
Dr K J Reddy,"MS(PGI), DNB, FRCS(UK),FRCSEd FRCS(Ortho)",Orthopaedic Surgeon,"33 years
          of experience","English, हिंदी, ಕನ್ನಡ, ਪੰਜਾਬੀ, తెలుగు","MON- WED, FRI, SAT | MON- WED, FRI, SAT
             (11:00 AM-01:00 PM | 04:00 PM-05:30 PM)",Apollo Health City Jubilee Hills,8,orthopaedic-surgeon,hyderabad
Dr Karri Sandeep Reddy,MS -Orthopedics,Orthopaedic Surgeon,"3 years
          of experience","English, हिंदी, ಕನ್ನಡ, தமிழ், తెలుగు","MON- SAT
             (09:00 AM-01:45 PM, 01:45 PM-05:00 PM)",Apollo Teleclinic,9,orthopaedic-surgeon,hyderabad
Dr Kartheek Surya Telagareddy,"MBBS, MS(Ortho)",Orthopaedic Surgeon,"8 years
          of experience","English, हिंदी, தமிழ், తెలుగు","MON- SAT
             (09:00 AM-05:00 PM)",Apollo Hospitals Hyderguda,10,orthopaedic-surgeon,hyderabad
Dr Karthik Pingle,MS(Ortho); Mch(ortho)U.K,Orthopaedic Surgeon,"14 years
          of experience","English, हिंदी, ಕನ್ನಡ, తెలుగు","MON- SAT
             (09:00 AM-04:00 PM)",Apollo Health City Jubilee Hills,11,orthopaedic-surgeon,hyderabad
Dr Kaushik Reddy,M.S.ORTHO,Orthopaedic Surgeon,"10 years
          of experience","English, हिंदी, தமிழ், తెలుగు","MON- SAT
             (11:00 AM-03:00 PM)",Apollo Health City Jubilee Hills,12,orthopaedic-surgeon,hyderabad
Dr Kiran K Reddy Badam,"MBBS, MS (Ortho), DNB(Ortho),  MRCS (Edinburg), Fellowship in    Paediatric Orthopedics (Singapore)",Orthopaedic Surgeon,"7 years
          of experience","English, हिंदी, ಕನ್ನಡ, தமிழ், తెలుగు","MON- SAT
             (11:30 AM-05:00 PM)",Apollo Hospitals Secunderabad,13,orthopaedic-surgeon,hyderabad
Dr Kiran Reddy Mekala,MBBS MS ORTHO,Orthopaedic Surgeon,"17 years
          of experience","English, हिंदी, తెలుగు","MON- SAT
             (08:00 AM-08:00 PM)",Apollo Teleclinic,14,orthopaedic-surgeon,hyderabad
Dr Krishna Reddy,MBBS ; M.S Orthopedics,Orthopaedic Surgeon,"31 years
          of experience","English, हिंदी, తెలుగు","MON- FRI
             (11:00 AM-03:00 PM)","Apollo Health City Jubilee Hills, Apollo Hospitals D R D O",15,orthopaedic-surgeon,hyderabad
Dr Ajith Prabhu,"M.B.B.S, MS (Ortho)",Orthopaedic Surgeon,"7 years
          of experience","English, हिंदी, ಕನ್ನಡ","WED, THU, SAT | MON, FRI
             (02:00 PM-08:00 PM | 08:00 AM-02:00 PM)",Apollo Hospitals Bannerghatta Road,1,orthopaedic-surgeon,bangalore
Dr Ajith Prabhu,"MBBS, MS(Ortho)",Orthopaedic Surgeon,"7 years
          of experience",English,"TUE, THU, SAT
             (09:00 AM-11:00 AM)",Apollo Speciality Hospitals Jayanagar Bangalore,2,orthopaedic-surgeon,bangalore
Dr C B Prabhu,"1986- Bachelor of Medicine , bachelor of surgery
Karnataka medical college
1991 – Diploma in Orthopaedics, Bangalore Medical College
1994- DNB In Orthopaedics, Natonal board of education , New Delhi",Orthopaedic Surgeon,"28 years
          of experience","English, తెలుగు","TUE, FRI
             (10:00 AM-11:15 AM)",Apollo Hospitals Sheshadripuram,3,orthopaedic-surgeon,bangalore
Dr Deepak Inamdar,"D ORTHO, DNB ORTHO, FELLOW JOINT REPLACEMENT SURGERY, FELLOW IN ASEPTIC AND SEPTIC REVISION, JOINT REPLAEMENT SURGERY",Orthopaedic Surgeon,"8 years
          of experience",English,"MON, THU
             (04:00 PM-06:00 PM)",Apollo Speciality Hospitals Jayanagar Bangalore,4,orthopaedic-surgeon,bangalore
Dr Deepak Shivanna,"MS (Ortho), M.Sc (Tr.Orth), M.Ch (Ortho)",Orthopaedic Surgeon,"19 years
          of experience","English, हिंदी, ಕನ್ನಡ","MON- WED, FRI, SAT
             (06:30 PM-07:30 PM)",Apollo Spectra Hospitals Koramangala,5,orthopaedic-surgeon,bangalore
Dr Gautam Kodikal,"MBBS, MS(Ortho)",Orthopaedic Surgeon,"33 years
          of experience","English, हिंदी, ಕನ್ನಡ","MON, WED- SAT
             (11:00 AM-02:00 PM)",Apollo Spectra Hospitals Koramangala,6,orthopaedic-surgeon,bangalore
Dr Harish D N,"MBBS, MS (Ortho)",Orthopaedic Surgeon,"11 years
          of experience","English, हिंदी, ಕನ್ನಡ","THU
             (12:15 PM-01:45 PM, 01:45 PM-04:00 PM)",Apollo Hospitals Bannerghatta Road,7,orthopaedic-surgeon,bangalore
Dr Jithendra Kumar G P,"MBBS ,MS(Orth)",Orthopaedic Surgeon,"22 years
          of experience","English, हिंदी, ಕನ್ನಡ","FRI
             (09:00 AM-01:00 PM)",Apollo Hospitals Bannerghatta Road,8,orthopaedic-surgeon,bangalore
Dr Kkirran S Chouka,"MBBS, M R Medical College Gulbarga.
M.S. Orthopaedics, M R Medical College Gulbarga.
Fellowship in Arthroplasty
Fellowship in adult reconstruction",Orthopaedic Surgeon,"9 years
          of experience","English, हिंदी, italiano","MON, WED, THU, SAT | TUE, FRI
             (10:00 AM-01:15 PM | 01:00 PM-04:15 PM)",Apollo Hospitals Sheshadripuram,9,orthopaedic-surgeon,bangalore
Dr M S Suresh Kumar,"MBBS, D.Ortho, M.Ch (Ortho)",Orthopaedic Surgeon,"5 years
          of experience","English, हिंदी, ಕನ್ನಡ","TUE, FRI
             (08:30 AM-10:00 AM)",Apollo Spectra Hospitals Koramangala,10,orthopaedic-surgeon,bangalore
Dr Madan Ballal,"•	MBBS ,Bangalore University -1996
•	MS Orthopaedics, Kuvempu University -1998
•	Fellowship In Arthoscopy  & Sports Medicine -1999",Orthopaedic Surgeon,"21 years
          of experience","English, ಕನ್ನಡ","MON- SAT
             (04:30 PM-05:45 PM)",Apollo Hospitals Sheshadripuram,11,orthopaedic-surgeon,bangalore
Dr Mahadev Jatti,"MBBs, MS(Ortho), M.Ch (Ortho)",Orthopaedic Surgeon,"19 years
          of experience","English, हिंदी, ಕನ್ನಡ","MON, WED, FRI
             (05:00 PM-06:00 PM)",Apollo Spectra Hospitals Koramangala,12,orthopaedic-surgeon,bangalore
Dr Mahesh Reddy,Speciality: Orthopaedic Surgeon,"Experience: 20 years
          of experience","Language: English, हिंदी, ಕನ್ನಡ, తెలుగు",-,"MON, WED, FRI
             (05:30 PM-07:30 PM)",Apollo Spectra Hospitals Koramangala,13,orthopaedic-surgeon,bangalore
Dr Manish Samson,"D. Orth., MS (Orth), M Ch Orth (UK)",Orthopaedic Surgeon,"19 years
          of experience","English, हिंदी, ಕನ್ನಡ","THU, SAT | FRI | MON- WED
             (08:00 AM-02:00 PM | 08:00 AM-05:00 PM | 02:00 PM-05:00 PM)",Apollo Hospitals Bannerghatta Road,14,orthopaedic-surgeon,bangalore
Dr Manish Samson,"D. Orth, MS (Orth), M Ch Orth (UK), Fellow in Adult Joint Reconstruction (Sg)",Orthopaedic Surgeon,"25 years
          of experience","English, ಕನ್ನಡ","MON, WED
             (09:00 AM-11:00 AM)",Apollo Speciality Hospitals Jayanagar Bangalore,15,orthopaedic-surgeon,bangalore
Dr Pradeep Kocheeppan,"MBBS,D. Ortho,",Orthopaedic Surgeon,"14 years
          of experience","English, हिंदी","TUE, SAT | MON, WED
             (02:00 PM-08:00 PM | 08:00 AM-02:00 PM)",Apollo Hospitals Bannerghatta Road,16,orthopaedic-surgeon,bangalore
Dr Pradeep Kocheeppan,"MBBS, D. Ortho, DNB Orthopaedics",Orthopaedic Surgeon,"14 years
          of experience",English,"MON- FRI
             (03:00 PM-05:00 PM)",Apollo Speciality Hospitals Jayanagar Bangalore,17,orthopaedic-surgeon,bangalore
Dr Prashanth Kalale,"MBBS, MS (Ortho), MRCS, MCh (Ortho)",Orthopaedic Surgeon,"16 years
          of experience","English, हिंदी, ಕನ್ನಡ, मराठी","TUE
             (10:30 AM-12:00 PM)",Apollo Spectra Hospitals Koramangala,18,orthopaedic-surgeon,bangalore
Dr Aashish Manohar Arbat,"M.B.B.S.,M.S. (Ortho),M.Ch (Ortho)",Orthopaedic Surgeon,"16 years
          of experience","English, हिंदी, मराठी","MON- WED, FRI, SAT
             (11:00 AM-01:00 PM)",Apollo Spectra Hospitals Pune,1,orthopaedic-surgeon,pune
Dr Anand Jadhav,"D.ortho , Mch (ortho), FRCS",Orthopaedic Surgeon,"26 years
          of experience","English, हिंदी, मराठी","MON- FRI | SAT
             (10:30 AM-12:30 PM | 10:30 AM-11:40 AM, 12:10 PM-12:30 PM)",Apollo Spectra Hospitals Pune,2,orthopaedic-surgeon,pune
Dr Mahesh Kulkarni,Speciality: Orthopaedic Surgeon,Language: English,-,-,"MON
             (02:30 PM-04:00 PM)",Jehangir Hospital,3,orthopaedic-surgeon,pune
Dr Murtaza Adeeb,"•FRCS [ORTH] 
•MFSEM[UK]	
•DIP [SPORTS & EX. MEDICINE] 
•MRCS 
•MBBS",Orthopaedic Surgeon,Language: English,-,"MON, TUE, THU, FRI
             (09:00 AM-11:30 AM)",Jehangir Hospital,4,orthopaedic-surgeon,pune
Dr Rahul Damle,Speciality: Orthopaedic Surgeon,Language: English,-,-,"TUE, SAT
             (12:00 PM-01:30 PM, 01:30 PM-03:00 PM)",Jehangir Hospital,5,orthopaedic-surgeon,pune
Dr Yogesh Jain,Speciality: Orthopaedic Surgeon,Language: English,-,-,"TUE, THU, SAT
             (03:00 PM-05:00 PM)",Jehangir Hospital,6,orthopaedic-surgeon,pune
Dr Abhijit Patil,"M.S.Ortho, D.Ortho",Orthopaedic Surgeon,"10 years
          of experience","English, हिंदी, मराठी","MON- SAT
             (12:00 PM-01:00 PM, 05:30 PM-06:30 PM)",Apollo Clinic Wanowrie,7,orthopaedic-surgeon,pune
Dr Ambarish Mathesul,"MBBS, DNB, MS, MNAMS",Orthopaedic Surgeon,"6 years
          of experience",English,"MON- SAT
             (06:00 PM-08:00 PM)",Apollo Clinic Viman Nagar Pune,8,orthopaedic-surgeon,pune
Dr Anand Jadhav,"MBBS, FRCS, MCH (Ortho),D.Ortho",Orthopaedic Surgeon,"8 years
          of experience","English, हिंदी","MON | TUE, WED | THU | FRI
             (09:00 AM-11:00 AM | 07:00 PM-08:00 PM | 09:00 AM-10:00 AM | 09:00 AM-10:00 AM, 07:00 PM-08:00 PM)",Apollo Clinic Wanowrie,9,orthopaedic-surgeon,pune
Dr Ashish Bhangle,"MBBS, M.S (ORTHOPAEDICS)",Orthopaedic Surgeon,"14 years
          of experience","English, العَرَبِيَّة‎, हिंदी, मराठी","MON- SAT
             (12:00 PM-01:00 PM)",Apollo Clinic Aundh Pune,10,orthopaedic-surgeon,pune
Dr Harshraj P Deshmukh,"MBBS, D.ORTHO.",Orthopaedic Surgeon,"5 years
          of experience",English,"TUE, THU, SAT
             (06:00 PM-07:00 PM)",Apollo Clinic Aundh Pune,11,orthopaedic-surgeon,pune
Dr Hemant Patil,"MBBS, DNB Orthopaedics , Joint Replacement Surgon 
c",Orthopaedic Surgeon,"6 years
          of experience","English, हिंदी, मराठी","MON- SAT
             (08:00 PM-09:00 PM)",Apollo Clinic Nigdipradhikaran,12,orthopaedic-surgeon,pune
Dr Mandar Puranik,MBBS CPS,Orthopaedic Surgeon,"6 years
          of experience","English, हिंदी, मराठी","MON, WED, FRI
             (10:00 AM-11:00 AM)",Apollo Clinic Kharadi,13,orthopaedic-surgeon,pune
Dr Mayank Pathak,"MBBS, D Ortho, DNB ( Ortho)",Orthopaedic Surgeon,"5 years
          of experience","English, हिंदी, मराठी","MON- SAT
             (10:00 AM-12:00 PM)",Apollo Clinic Viman Nagar Pune,14,orthopaedic-surgeon,pune
Dr Nikhil Phade,"MBBS, D.Ortho",Orthopaedic Surgeon,"3 years
          of experience",English,"MON- SAT
             (06:00 PM-08:00 PM)",Apollo Clinic Nigdipradhikaran,15,orthopaedic-surgeon,pune
Dr Abhijit Kale,"MBBS, MS(ORTHO)",Orthopaedic Surgeon,"7 years
          of experience","English, हिंदी, मराठी","MON, WED, FRI
             (07:00 PM-08:00 PM)",Apollo Spectra Hospitals Tardeo,1,orthopaedic-surgeon,mumbai
Dr Ajay Rathod,"MBBS, MS(ORTHO)",Orthopaedic Surgeon,"12 years
          of experience","English, આ, हिंदी, मराठी","MON
             (01:00 PM-02:00 PM)",Apollo Spectra Hospitals Tardeo,2,orthopaedic-surgeon,mumbai
Dr Anil Bhatia,"MBBS, MS (Ortho). 
(Specialized into Brachial Plexus Injury)",Orthopaedic Surgeon,"28 years
          of experience","English, આ, हिंदी","SAT
             (04:00 PM-06:00 PM)",Apollo Hospitals Navi Mumbai,3,orthopaedic-surgeon,mumbai
Dr Deepak Bhatia,"MBBS, MS(Orth), DNB(Orth)",Orthopaedic Surgeon,"16 years
          of experience","English, हिंदी, मराठी","WED
             (04:30 PM-06:30 PM)",Apollo Hospitals Navi Mumbai,4,orthopaedic-surgeon,mumbai
Dr Dharmaraj Yadav,"MBBS, MS (orth)",Orthopaedic Surgeon,"27 years
          of experience","English, આ, हिंदी, मराठी","MON, WED, FRI
             (04:00 PM-05:00 PM)",Apollo Hospitals Navi Mumbai,5,orthopaedic-surgeon,mumbai
Dr Gautam Tawari,"MBBS (Mum), MRCS, M.Sc, Dip. SEM, M.Ch (Orth), FRCS (Tr&Orth). (UK)",Orthopaedic Surgeon,"5 years
          of experience","English, हिंदी, मराठी","TUE, FRI
             (09:00 AM-04:00 PM)",Apollo Hospitals Navi Mumbai,6,orthopaedic-surgeon,mumbai
Dr Kaustubh Durve,"MS (Ortho), MRCS, Dip. In sports medicine",Orthopaedic Surgeon,"11 years
          of experience",English,"TUE | THU | SAT
             (06:30 PM-07:20 PM | 06:30 PM-07:30 PM | 10:30 AM-11:30 AM)",Apollo Spectra Hospitals Chembur,7,orthopaedic-surgeon,mumbai
Dr Kunal Makhija,"MBBS,MS-Orthopaedics",Orthopaedic Surgeon,"11 years
          of experience","English, આ, हिंदी, मराठी","MON | TUE, WED | THU- SAT
             (03:00 PM-05:00 PM | 04:00 PM-05:00 PM | 03:00 PM-05:00 PM)",Apollo Spectra Hospitals Chembur,8,orthopaedic-surgeon,mumbai
Dr Manoj Jain,"MBBS, MS(ORTHO)",Orthopaedic Surgeon,"10 years
          of experience","English, हिंदी, मराठी","MON- SAT
             (04:00 PM-06:00 PM)",Apollo Spectra Hospitals Tardeo,9,orthopaedic-surgeon,mumbai
Dr Om Parshuram Patil,"MS Ortho, FCPS Orth, FCISS",Orthopaedics & Spine Surgery,"10 years
          of experience","English, हिंदी, मराठी","MON- FRI
             (02:00 PM-05:00 PM)",Apollo Spectra Hospitals Chembur,10,orthopaedic-surgeon,mumbai
Dr Prajyot Jagtap,"MBBS, MS (ORTHO)",Orthopaedic Surgeon,"5 years
          of experience","English, हिंदी, मराठी","MON | TUE | WED | THU | FRI, SAT
             (06:00 PM-06:30 PM | 06:00 PM-06:20 PM | 06:00 PM-07:00 PM | 06:00 PM-06:50 PM | 06:00 PM-06:20 PM)",Apollo Spectra Hospitals Chembur,11,orthopaedic-surgeon,mumbai
Dr Pramod Bhor,"MBBS, MS (ORTHO)",Orthopaedic Surgeon,"15 years
          of experience","English, हिंदी, मराठी","TUE, WED, FRI
             (10:00 AM-12:00 PM)",Apollo Hospitals Navi Mumbai,12,orthopaedic-surgeon,mumbai
Dr Prashant Agrawal,"MBBS, MS, DNB,AO Fellow Germany ,SICOT Diploma.",Orthopaedic Surgeon,"28 years
          of experience","English, বাংলা, हिंदी, मराठी","MON | TUE | WED | THU | FRI | SAT
             (10:00 AM-05:00 PM | 10:00 AM-01:00 PM | 10:00 AM-04:00 PM | 10:00 AM-01:00 PM | 10:00 AM-05:00 PM | 10:00 AM-01:00 PM)",Apollo Hospitals Navi Mumbai,13,orthopaedic-surgeon,mumbai
Dr Ranjan Burnwal,"MBBS, MS(Ortho)",Orthopaedic Surgeon,"7 years
          of experience","English, हिंदी, मराठी","MON- SAT
             (02:00 PM-03:00 PM)",Apollo Spectra Hospitals Chembur,14,orthopaedic-surgeon,mumbai
Dr Safiuddin Nadawi,"MBBS, MS(ORTHO)",Orthopaedic Surgeon,"7 years
          of experience","English, हिंदी, मराठी","MON- SAT
             (11:30 AM-04:00 PM)",Apollo Spectra Hospitals Tardeo,15,orthopaedic-surgeon,mumbai
Dr Abhishek Bansal,"MBBS, MS (Ortho)",Orthopaedic Surgeon,"10 years
          of experience","English, हिंदी","WED, FRI
             (10:00 AM-12:00 PM)",Apollo Spectra Hospitals Kailash Colony,1,orthopaedic-surgeon,delhi
Dr Abhishek Kumar Mishra,"MBBS,(M.A.M.C.)M.S. (Ortho),Mch (Ortho)Gold medalist",Orthopaedic Surgeon,Language: English,-,"MON- SAT
             (09:00 AM-11:00 AM)",Apollo Spectra Hospitals Kailash Colony,2,orthopaedic-surgeon,delhi
Dr Anil Raheja,"MBBS, MS (Ortho), M.Ch (Ortho)",Orthopaedic Surgeon,"19 years
          of experience",English,"MON- SAT
             (11:00 AM-03:00 PM)",Apollo Spectra Hospitals Karol Bagh,3,orthopaedic-surgeon,delhi
Dr Anoop Bandil,"MBBS, DNB",Orthopaedic Surgeon,"9 years
          of experience","English, हिंदी","MON | TUE | WED | THU | FRI | SAT
             (04:00 PM-07:00 PM | 12:00 PM-04:00 PM | 09:00 AM-12:00 PM | 12:00 PM-04:00 PM | 04:00 PM-07:00 PM | 09:00 AM-12:00 PM)",Apollo Hospitals Delhi,4,orthopaedic-surgeon,delhi
Dr Ashwani Maichand,MBBS/MS/MCH(Ortho),Orthopaedics,"21 years
          of experience","English, हिंदी, ਪੰਜਾਬੀ","WED, SAT
             (09:00 AM-11:30 AM)",Apollo Spectra Hospitals Karol Bagh,5,orthopaedic-surgeon,delhi
Dr Biren Nadkarni,"MBBS, MS (Orth.),MCh Orth., Dip. SIROT",Orthopaedics,"17 years
          of experience","English, हिंदी","TUE, FRI
             (12:00 PM-02:00 PM)",Apollo Spectra Hospitals Kailash Colony,6,orthopaedic-surgeon,delhi
Dr Chander Shekar,"MBBS, MS",Orthopaedic Surgeon,"30 years
          of experience","English, हिंदी","MON- SAT
             (10:00 AM-03:00 PM)",Apollo Hospitals Delhi,7,orthopaedic-surgeon,delhi
Dr D K Das,"MS(Ortho),M.Ch(Ortho),FIJRS (U.K.),FIJRS(Germany)",Orthopaedics,"16 years
          of experience","English, हिंदी","MON, WED, FRI
             (12:00 PM-02:00 PM)",Apollo Spectra Hospitals Kailash Colony,8,orthopaedic-surgeon,delhi
Dr Gaurav Khera,MBBS/D-Ortho/DNB/MCH,Orthopaedic Surgeon,"10 years
          of experience","English, हिंदी","TUE, THU
             (09:00 AM-11:00 AM)",Apollo Spectra Hospitals Karol Bagh,9,orthopaedic-surgeon,delhi
Dr Harsh Bhargava,"MBBS, MS, Spine Fellow Germany Korea",Orthopaedic Surgeon,"32 years
          of experience","English, हिंदी","MON- SAT
             (10:00 AM-12:00 PM)",Apollo Hospitals Delhi,10,orthopaedic-surgeon,delhi
Dr Havind Tandon,MBBS; MS,Orthopaedic Surgeon,"20 years
          of experience","English, हिंदी","MON | TUE | WED | THU, FRI | SAT
             (01:00 PM-04:00 PM | 02:00 PM-04:00 PM | 11:00 AM-01:00 PM | 01:00 PM-04:00 PM | 11:00 AM-01:00 PM)",Apollo Hospitals Delhi,11,orthopaedic-surgeon,delhi
Dr Kulbhushan Attri,"MBBS, MS, D-Orth, MCh (Liverpool, UK)",Orthopaedic Surgeon,"32 years
          of experience","English, हिंदी","MON | TUE | WED | THU | FRI | SAT
             (10:00 AM-02:00 PM | 02:00 PM-06:00 PM | 04:00 PM-06:00 PM | 10:00 AM-12:00 PM | 02:00 PM-06:00 PM | 10:00 AM-12:00 PM)",Apollo Hospitals Delhi,12,orthopaedic-surgeon,delhi
Dr M N Sehar,"MBBS, MS, Dip.Orth, FRCS, FRCS Orth (UK)",Orthopaedic Surgeon,"28 years
          of experience",English,"MON, TUE | WED | THU | FRI
             (10:00 AM-12:00 PM | 12:00 PM-04:00 PM | 12:00 PM-03:00 PM | 12:00 PM-04:00 PM)",Apollo Hospitals Delhi,13,orthopaedic-surgeon,delhi
Dr Nadeem Ahmed,"MBBS, MS (Ortho)",Orthopaedics,"13 years
          of experience","English, हिंदी","MON, WED, SAT
             (02:00 PM-04:00 PM)",Apollo Spectra Hospitals Kailash Colony,14,orthopaedic-surgeon,delhi
Dr Nipun Bajaj,DNB,Orthopaedic Surgeon,"10 years
          of experience","English, हिंदी","MON, WED, FRI
             (10:00 AM-12:00 PM)",Apollo Spectra Hospitals Kailash Colony,15,orthopaedic-surgeon,delhi
Dr Anuradha Panda,"MD.DGA, FICOG",Gynaecology,"20 years
          of experience","English, हिंदी, ଓଡ଼ିଆ, తెలుగు","MON- SAT
             (10:00 AM-04:30 PM)","Apollo Health City Jubilee Hills, Apollo Cradle Jubileehills",1,gynecologist-and-obstetrician,hyderabad
Dr Archana Reddy Cheruku,"MBBS, DGO, FMAS, FELLOWSHIP IN COSMETIC GYNECOLOGY",Obstetrics & Gynecology,"5 years
          of experience","English, हिंदी, తెలుగు","MON- SAT
             (10:00 AM-03:00 PM)",Apollo Cradle Jubileehills,2,gynecologist-and-obstetrician,hyderabad
Dr B Kiranmayee,"MBBS,MS",Obstetrics & Gynaecology-Infertility Managemen,"3 years
          of experience",English,"MON- SAT
             (12:00 PM-08:00 PM)",Apollo Cradle Kondapur,3,gynecologist-and-obstetrician,hyderabad
Dr Babitha Maturi,"MBBS, DGO, CMP & FAGE",Gynaecology,"22 years
          of experience","English, हिंदी, ಕನ್ನಡ, తెలుగు","MON- SAT
             (12:00 PM-02:00 PM)",Apollo Cradle Jubileehills,4,gynecologist-and-obstetrician,hyderabad
Dr Bana Rupa,"MBBS , M.S (OBG )",Gynaecology,"7 years
          of experience","English, हिंदी, తెలుగు","MON- SAT
             (10:00 AM-03:00 PM)",Apollo Health City Jubilee Hills,5,gynecologist-and-obstetrician,hyderabad
Dr Bandana J,"MBBS, DGO",Gynaecology,"18 years
          of experience","English, हिंदी, తెలుగు","MON, THU
             (11:00 AM-01:00 PM)",Apollo Hospitals Secunderabad,6,gynecologist-and-obstetrician,hyderabad
Dr Fahmida Banu L,M.D. (Obs & Gyn); DNB; FRCOG; FICOG,Gynaecology,"30 years
          of experience","English, हिंदी, తెలుగు","SAT
             (06:00 PM-08:00 PM)",Apollo Cradle Jubileehills,7,gynecologist-and-obstetrician,hyderabad
Dr Hemavathi B V,"MBBS, DGO, DNB",Obstetrics & Gynecology,"10 years
          of experience","English, हिंदी, తెలుగు","MON- SAT
             (10:00 AM-06:30 PM)",Apollo Hospitals D R D O,8,gynecologist-and-obstetrician,hyderabad
Dr Jasmin Rath,"MBBS; MD (Obstetrics & Gynecology) Specialist  in  High Risk Pregnancy and  Laproscopy,Trained in Laproscopy,Infertility & USG WHI intiative Laproscopy Training",Gynaecology,"10 years
          of experience","English, हिंदी, ଓଡ଼ିଆ, తెలుగు","MON- SAT
             (11:00 AM-04:00 PM)","Apollo Health City Jubilee Hills, Apollo Cradle Kondapur",9,gynecologist-and-obstetrician,hyderabad
Dr Jayasree Reddy V,"MD, DGO",Gynaecology,"33 years
          of experience",English,"MON- THU | FRI | SAT
             (11:30 AM-04:00 PM | 12:30 PM-04:45 PM | 11:30 AM-04:00 PM)",Apollo Cradle Jubileehills,10,gynecologist-and-obstetrician,hyderabad
Dr Lakshmi Rathna Marakani,"MD, DGO, PGDMLS",Gynaecology,"30 years
          of experience",English,"SUN, WED, FRI
             (11:00 AM-01:00 PM)",Apollo Cradle Jubileehills,11,gynecologist-and-obstetrician,hyderabad
Dr Madhumathi S,"MBBS, MD(Obs & Gyn)",Gynaecology,"20 years
          of experience","English, हिंदी, தமிழ், తెలుగు","MON- WED, FRI, SAT
             (11:00 AM-01:00 PM)","Apollo Hospitals Secunderabad, Apollo Cradle Jubileehills",12,gynecologist-and-obstetrician,hyderabad
Dr Mahita Reddy,"MBBS, MD(Obs & Gyn), DGO, FICOG",Gynaecology,"24 years
          of experience","English, हिंदी, తెలుగు","MON- SAT
             (05:00 PM-08:00 PM)",Apollo Cradle Jubileehills,13,gynecologist-and-obstetrician,hyderabad
Dr Meera Reddy,"MBBS, M.D(Obs & Gyn), DGO",Gynaecology,"25 years
          of experience","English, हिंदी, తెలుగు","MON- SAT
             (10:00 AM-02:00 PM)",Apollo Cradle Jubileehills,14,gynecologist-and-obstetrician,hyderabad
Dr Padmini Silpa V,"D.G.O, DNB",Obstetrics & Gynecology,"10 years
          of experience","English, हिंदी, తెలుగు","MON- FRI | SAT
             (09:00 AM-11:30 AM | 09:00 AM-11:00 AM)","Apollo Cradle Kondapur, Apollo Cradle Clinic Manikonda",15,gynecologist-and-obstetrician,hyderabad
Dr Amudha Hari,"MBBS, DGO Phd",Obstetrics & Gynecology,"30 years
          of experience","English, தமிழ்","MON- SAT
             (07:30 PM-08:00 PM)",Apollo Medical Centre Karapakkam,1,gynecologist-and-obstetrician,chennai
Dr Anshu Bansal,"MBBS, MD,DNB,MNAMS,MRCOG",Obstetrics & Gynecology,"18 years
          of experience","English, हिंदी, தமிழ்","MON- SAT
             (09:00 AM-10:00 AM)",Apollo Firstmed Hospital,2,gynecologist-and-obstetrician,chennai
Dr Aruna Thalachinthala,"MBBS, MD, Diploma in Laparoscopy",Obstetrics & Gynecology,"14 years
          of experience","English, हिंदी, தமிழ், తెలుగు","MON- SAT
             (09:00 AM-02:00 PM)",Apollo Speciality Hospitals Vanagaram,3,gynecologist-and-obstetrician,chennai
Dr Bobby Mathiyarasu,"MBBS, MD OG(MMC), MRCOG (UK)",Obstetrics & Gynecology,"14 years
          of experience","English, தமிழ்","MON- SAT
             (09:00 AM-10:30 AM)",Apollo Medical Centre Karapakkam,4,gynecologist-and-obstetrician,chennai
Dr Brinda N Kalro,"FRCOG, MD (US), DABMA (US), FAAMA (US), CCD (US), REI FELLOW (US)",Obstetrics & Gynecology,"20 years
          of experience","English, हिंदी, தமிழ்","WED, SAT
             (10:00 AM-12:30 PM)",Apollo Fertility Anna Nagar,5,gynecologist-and-obstetrician,chennai
Dr Charumathi R,MD; DGO,Obstetrics & Gynecology,"21 years
          of experience","English, தமிழ்","MON- SAT
             (08:00 AM-02:00 PM)",Apollo Womens Hospital,6,gynecologist-and-obstetrician,chennai
Dr Dakshayani D,"MBBS, DGO, DRMS (Fertility)",Gynaecology,"20 years
          of experience","English, हिंदी, ಕನ್ನಡ, தமிழ்","MON- FRI | SAT
             (03:00 PM-07:00 PM | 03:00 PM-03:45 PM, 04:00 PM-07:00 PM)",Apollo Fertility Anna Nagar,7,gynecologist-and-obstetrician,chennai
Dr Deepa Thangamani,"MD OG.,DNB OG., MRCOG(London)",Obstetrics & Gynecology,"15 years
          of experience","English, தமிழ்","MON- SAT | MON- SAT
             (10:00 AM-02:00 PM | 04:30 PM-07:30 PM)",Apollo Firstmed Hospital,8,gynecologist-and-obstetrician,chennai
Dr Gayathri Rengaraj,MD Obstetrics & Gynecology; DNB Obstetrics & Gynecology,Obstetrics & Gynecology,"10 years
          of experience","English, தமிழ்","MON- SAT | MON- SAT
             (05:00 PM-07:00 PM | 10:00 AM-11:30 AM)",Apollo Speciality Hospitals O M R,9,gynecologist-and-obstetrician,chennai
Dr Gowri Meena S,"MBBS, MD, DNB, CIMP, MRCOG(UK)",Obstetrics & Gynecology,"9 years
          of experience","English, தமிழ்","MON- SAT
             (10:00 AM-01:00 PM)",Apollo Speciality Hospitals Vanagaram,10,gynecologist-and-obstetrician,chennai
Dr Hemalatha Pugalendhi,"MD(OG), DGES(Germany)",Gynaecologist & Infertility Specialist,"23 years
          of experience",English,"MON | TUE- SAT
             (09:00 AM-11:00 AM, 03:00 PM-03:30 PM, 04:00 PM-05:00 PM | 09:00 AM-11:00 AM, 03:00 PM-05:00 PM)",Apollo Fertility Anna Nagar,11,gynecologist-and-obstetrician,chennai
Dr Indra Venkataraman,"MBBS, DGO, DIP NB, MNAMS, PGD -DIAB.",Obstetrics & Gynecology,"29 years
          of experience","English, தமிழ்","MON- SAT
             (09:00 AM-11:00 AM)",Apollo Firstmed Hospital,12,gynecologist-and-obstetrician,chennai
Dr Indumathy Thayar,"MBBS,MD, DNB, Lap training,Dip in Laparoscopy Germany",Obstetrics & Gynecology,"11 years
          of experience","English, தமிழ்","MON, TUE | WED | THU- SAT
             (09:00 AM-01:45 PM, 01:45 PM-02:00 PM | 09:30 AM-01:45 PM, 01:45 PM-02:00 PM | 09:00 AM-01:45 PM, 01:45 PM-02:00 PM)",Apollo Speciality Hospitals Vanagaram,13,gynecologist-and-obstetrician,chennai
Dr Jaishree Gajaraj,"FRCS(Ed), MRCOG(UK)",Gynaecology,"10 years
          of experience","English, தமிழ்","MON, WED- FRI
             (10:00 AM-11:15 AM)",Apollo Cancer Institutes,14,gynecologist-and-obstetrician,chennai
Dr Janani Iyer,"MD, MRCOG, FRCOG (UK)",Obstetrics & Gynecology,"21 years
          of experience","English, આ, हिंदी, தமிழ்","MON- SAT
             (09:00 AM-01:00 PM)","Apollo Medical Centre Karapakkam, Apollo Speciality Hospitals O M R",15,gynecologist-and-obstetrician,chennai
Dr Asmita Potdar,"MBBS, DNB -Obstetrics & Gynecology",Obstetrics & Gynecology,"16 years
          of experience","English, हिंदी, मराठी","MON- FRI
             (10:00 AM-12:00 PM)",Apollo Spectra Hospitals Pune,1,gynecologist-and-obstetrician,pune
Dr Geeta Wadadekar,"MBBS,MS",Obstetrics & Gynecology,"13 years
          of experience","English, मराठी","MON- SAT
             (06:00 PM-07:00 PM)",Apollo Spectra Hospitals Pune,2,gynecologist-and-obstetrician,pune
Dr Girija Wagh,"M.B.B.S,M.D(Obstetrics & Gynecology)Diploma In Advanced Gynecological Endoscopy",Obstetrics & Gynecology,"28 years
          of experience","English, हिंदी, मराठी","MON, THU, SAT
             (03:30 PM-04:30 PM)",Apollo Spectra Hospitals Pune,3,gynecologist-and-obstetrician,pune
Dr Zohara Siamwala,Speciality: Gynaecology,Language: English,-,-,"WED
             (03:00 PM-05:00 PM)",Jehangir Hospital,4,gynecologist-and-obstetrician,pune
Dr Aarti Rapol,"MBBS, DGO,DNB",Obstetrics & Gynecology,"17 years
          of experience",English,"MON | TUE | WED | THU | FRI | SAT
             (06:00 PM-07:00 PM | 05:00 PM-06:00 PM | 06:00 PM-07:00 PM | 05:00 PM-06:00 PM | 06:00 PM-07:00 PM | 05:00 PM-06:00 PM)",Apollo Clinic Aundh Pune,5,gynecologist-and-obstetrician,pune
Dr Anita Bapat,"MBBS, DGO(Gynaec & Obs), DBN",Gynaecology,"10 years
          of experience","English, हिंदी","MON | TUE | WED | THU | FRI | SAT
             (07:30 PM-08:30 PM | 06:30 PM-07:30 PM | 07:30 PM-08:30 PM | 06:30 PM-07:30 PM | 07:30 PM-08:30 PM | 06:30 PM-07:30 PM)",Apollo Clinic Aundh Pune,6,gynecologist-and-obstetrician,pune
Dr Archana Chandak,"MBBS, DGO",Obstetrics & Gynecology,"9 years
          of experience","English, हिंदी, मराठी","MON- SAT
             (12:00 PM-01:00 PM, 08:00 PM-08:45 PM)",Apollo Clinic Nigdipradhikaran,7,gynecologist-and-obstetrician,pune
Dr ARCHANA SALVE,"MBBS, MS ( OBGY )",Obstetrics & Gynecology,"8 years
          of experience",English,"MON, WED, FRI
             (02:00 PM-05:00 PM)",Apollo Clinic Viman Nagar Pune,8,gynecologist-and-obstetrician,pune
Dr Bijal Mistry,"MBBS, MD",Obstetrics & Gynecology,"9 years
          of experience","English, हिंदी","MON- SAT
             (09:00 AM-10:00 AM, 05:00 PM-06:00 PM)",Apollo Clinic Nigdipradhikaran,9,gynecologist-and-obstetrician,pune
Dr Charu Sud,"MBBS, MD (OB GYN)",Obstetrics & Gynecology,"21 years
          of experience","English, આ, हिंदी, मराठी, ਪੰਜਾਬੀ","TUE | THU | SAT
             (01:30 PM-06:00 PM | 01:30 PM-03:45 PM, 04:00 PM-06:00 PM | 01:30 PM-01:45 PM, 04:00 PM-06:00 PM)",Apollo Clinic Wanowrie,10,gynecologist-and-obstetrician,pune
Dr DEEPTI KURMI,MBBS DNB,Obstetrics & Gynecology,"7 years
          of experience",English,"TUE, THU, SAT
             (06:00 PM-08:30 PM)",Apollo Clinic Kharadi,11,gynecologist-and-obstetrician,pune
Dr Dhanashree Shenolikar,"MBBS, D.G.O",Obstetrics & Gynecology,"21 years
          of experience","English, हिंदी, मराठी","FRI, SAT
             (10:00 AM-12:00 PM)",Apollo Clinic Aundh Pune,12,gynecologist-and-obstetrician,pune
Dr Jyoti Kour,"MBBS, MD (Obst. & Gynaecology)",Gynaecology,"5 years
          of experience","English, हिंदी","MON- WED, FRI, SAT
             (10:30 AM-11:10 AM)",Apollo Clinic Wanowrie,13,gynecologist-and-obstetrician,pune
Dr Jyotsna Angom,"MBBS, MD(Gynaec & Obs)",Gynaecology,"21 years
          of experience","English, हिंदी","MON, WED, FRI
             (01:30 PM-02:30 PM)",Apollo Clinic Aundh Pune,14,gynecologist-and-obstetrician,pune
Dr Kaishreen Khan,"MBBS, DNB(obs),MS(GYNAE & OBS)",Gynaecology,"4 years
          of experience","English, हिंदी","MON, WED- SAT
             (11:00 AM-01:00 PM)",Apollo Clinic Viman Nagar Pune,15,gynecologist-and-obstetrician,pune
Dr Aditi Singhi,MS (OBG),Gynaecology,"10 years
          of experience","English, हिंदी","SAT
             (02:00 PM-03:00 PM)",Apollo Spectra Hospitals Chembur,1,gynecologist-and-obstetrician,mumbai
Dr Anuja Thomas,"MBBS, DGO, DNB (OBGY)",Obstetrics & Gynecology,"13 years
          of experience","English, हिंदी, മലയാളം, मराठी","MON- FRI | MON- FRI | SAT
             (09:00 AM-01:00 PM | 05:00 PM-08:00 PM | 09:00 AM-08:00 PM)",Apollo Hospitals Navi Mumbai,2,gynecologist-and-obstetrician,mumbai
Dr Anuranjita Pallavi,"MS(OBG),FRM",Gynaecologist & Infertility Specialist,"5 years
          of experience","English, हिंदी, ಕನ್ನಡ, मराठी","MON- SAT
             (10:00 AM-05:00 PM)",Apollo Fertility Navi Mumbai,3,gynecologist-and-obstetrician,mumbai
Dr Bindhu K S,"MBBS, MD, DGO",Obstetrics & Gynecology,"21 years
          of experience","English, हिंदी, മലയാളം, मराठी, தமிழ்","MON- WED, FRI, SAT | MON, WED, SAT | THU | TUE, FRI | THU
             (09:00 AM-01:00 PM | 02:00 PM-05:00 PM | 02:30 PM-05:00 PM | 05:00 PM-08:00 PM | 09:00 AM-11:30 AM)",Apollo Hospitals Navi Mumbai,4,gynecologist-and-obstetrician,mumbai
Dr Deepa Giri,"MBBS,DNB",Obstetrics & Gynecology,"7 years
          of experience","English, हिंदी, मराठी, தமிழ்","MON- SAT
             (10:00 AM-04:00 PM, 06:00 PM-08:00 PM)",Apollo Hospitals Navi Mumbai,5,gynecologist-and-obstetrician,mumbai
Dr Himani Sharma,"MBBS, MD, DNB (Obstetrics & Gynecology)",Obstetrics & Gynecology,"12 years
          of experience","English, हिंदी, मराठी","MON, SAT
             (03:00 PM-05:00 PM)",Apollo Hospitals Navi Mumbai,6,gynecologist-and-obstetrician,mumbai
Dr Illa Tyagi,"MBBS, DGO (Obs & Gynae), DFP, DNB (Obs & Gynaec), MD (Anesthesia)",Gynaecology,"20 years
          of experience","English, हिंदी","MON- SAT
             (11:00 AM-12:00 PM)",Apollo Spectra Hospitals Chembur,7,gynecologist-and-obstetrician,mumbai
Dr Jyoti Anant Bobe,"M.D. Obstetrics and Gynecology
MBBS",Obstetrics & Gynecology,"28 years
          of experience",English,"WED, THU
             (02:00 PM-04:00 PM)",Apollo Hospitals Navi Mumbai,8,gynecologist-and-obstetrician,mumbai
Dr Laila Dave,"MBBS, MD(OBST,GYN)",Gynaecology,"30 years
          of experience","English, આ, हिंदी","TUE, THU, SAT
             (10:00 AM-12:00 PM)",Apollo Spectra Hospitals Tardeo,9,gynecologist-and-obstetrician,mumbai
Dr Mini Nampoothiri,"MBBS, DGO, DNB",Obstetrics & Gynecology,"25 years
          of experience","English, हिंदी, മലയാളം, मराठी, தமிழ்","MON, TUE, THU- SAT | MON, THU | WED | WED | TUE, FRI, SAT
             (09:00 AM-01:00 PM | 05:00 PM-08:00 PM | 02:30 PM-05:00 PM | 09:00 AM-11:30 AM | 02:00 PM-05:00 PM)",Apollo Hospitals Navi Mumbai,10,gynecologist-and-obstetrician,mumbai
Dr Nikita Lad-patel,"MBBS, DGO, FCPS, F.R.M., M.R.M.(U.K.)",Obstetrics & Gynecology,"13 years
          of experience","English, આ, हिंदी, मराठी","MON, WED, SAT
             (10:00 AM-02:00 PM)",Apollo Fertility Navi Mumbai,11,gynecologist-and-obstetrician,mumbai
Dr Richa Ashok Bansal,"Mch ( Gynecological Oncology)Tata Memorial Hospital

DNB

MS ( Obs & Gyn )

MBBS","Surgical Oncology, Obstetrics & Gynecology","8 years
          of experience","English, हिंदी","MON, WED, FRI
             (09:00 AM-02:00 PM)",Apollo Hospitals Navi Mumbai,12,gynecologist-and-obstetrician,mumbai
Dr Richa Singh,"MBBS, DGO, DNB",Obstetrics & Gynecology,"20 years
          of experience","English, हिंदी, मराठी","TUE, FRI
             (06:00 PM-09:00 PM)",Apollo Hospitals Navi Mumbai,13,gynecologist-and-obstetrician,mumbai
Dr Tripti Dubey,"MBBS, M.S. (Obs &Gynae)",Obstetrics & Gynecology,"20 years
          of experience","English, मराठी","MON- SAT | SUN- SAT
             (06:00 PM-07:00 PM | 01:00 PM-02:00 PM)",Apollo Hospitals Navi Mumbai,14,gynecologist-and-obstetrician,mumbai
Dr Vandana A Gawdi,"MBBS,MD(Obs&Gynaecology)",Obstetrics & Gynecology,"29 years
          of experience","English, हिंदी","MON- FRI | SAT
             (10:15 AM-05:00 PM | 10:00 AM-05:00 PM)",Apollo Hospitals Navi Mumbai,15,gynecologist-and-obstetrician,mumbai
Dr Apurva Gupta,"MBBS,MS,DNB,Gynaec Oncology Fellowship from TATA Memorial Hospital, Mumbai
Laparoscopy Fellowship – Dr. Neeta Warty Mumbai",Obstetrics & Gynecology,"10 years
          of experience","English, हिंदी","MON, WED
             (06:00 PM-08:00 PM)",Apollo Cradle Nehru Place,1,gynecologist-and-obstetrician,delhi
Dr Arpita Gangwani,"MBBS,DNB(NBE)",Obstetrics & Gynecology,"10 years
          of experience","English, हिंदी","MON | WED | FRI
             (12:00 PM-01:00 PM | 11:00 AM-12:00 PM, 01:00 PM-02:00 PM | 11:00 AM-01:45 PM)",Apollo Cradle Moti Nagar,2,gynecologist-and-obstetrician,delhi
Dr Charanjeet Kaur,"MBBS,MD",Obstetrics & Gynecology,"30 years
          of experience","English, हिंदी","WED, FRI
             (11:00 AM-01:00 PM)",Apollo Cradle Nehru Place,3,gynecologist-and-obstetrician,delhi
Dr Divya Wadhawan,MBBS DNB,Obstetrics & Gynecology,"8 years
          of experience","English, हिंदी","THU, SAT
             (09:30 AM-11:30 AM)",Apollo Cradle Nehru Place,4,gynecologist-and-obstetrician,delhi
Dr Ekta Sharma,"MBBS, MS",Obstetrics & Gynecology,"13 years
          of experience","English, हिंदी","MON | SAT
             (05:00 PM-06:00 PM | 04:00 PM-06:00 PM)",Apollo Cradle Moti Nagar,5,gynecologist-and-obstetrician,delhi
Dr Geeta Chadha,"MBBS, MD, FOGSI (Obs & Gyan)",Obstetrics & Gynecology,"31 years
          of experience","English, हिंदी, ਪੰਜਾਬੀ, اردو","WED | SAT
             (11:00 AM-12:00 PM | 02:00 PM-04:00 PM)","Apollo Hospitals Delhi, Apollo Cradle Nehru Place",6,gynecologist-and-obstetrician,delhi
Dr Gurmeet Bansal,"MBBS, MD, DNB",Obstetrics & Gynecology,"33 years
          of experience","English, हिंदी","THU, SAT
             (12:00 PM-02:00 PM)",Apollo Cradle Nehru Place,7,gynecologist-and-obstetrician,delhi
Dr Harmeet Malhotra,"MBBS, MD, DGO, FICOG",Obstetrics & Gynecology,"36 years
          of experience","English, हिंदी, ਪੰਜਾਬੀ, اردو","MON | WED, SAT
             (11:00 AM-12:00 PM | 12:00 PM-02:00 PM)",Apollo Hospitals Delhi,8,gynecologist-and-obstetrician,delhi
Dr Isha Khurana Vashisht,"MBBS, MS, DGo, PGDS, DNB, Fellowship in ART",Gynaecologist & Infertility Specialist,"7 years
          of experience","English, हिंदी","MON- SAT
             (11:00 AM-01:00 PM)",Ivf Cradle Motinagar,9,gynecologist-and-obstetrician,delhi
Dr Jaya Agarwal,"MBBS, DGO, DNB, DGE",Obstetrics & Gynecology,"17 years
          of experience","English, हिंदी","TUE | FRI
             (05:00 PM-05:40 PM, 05:45 PM-06:30 PM | 05:00 PM-05:20 PM, 05:30 PM-06:45 PM)",Apollo Cradle Nehru Place,10,gynecologist-and-obstetrician,delhi
Dr Kiranbala Dash,"MD (Obst & Gyn), FMAS",Obstetrics & Gynecology,"17 years
          of experience","English, हिंदी, ଓଡ଼ିଆ","MON, WED, FRI
             (12:00 PM-02:00 PM)",Apollo Hospitals Delhi,11,gynecologist-and-obstetrician,delhi
Dr Lalita Badhwar,"MBBS, MD",Obstetrics & Gynecology,"29 years
          of experience","English, हिंदी","MON, THU
             (12:00 PM-01:00 PM)",Apollo Hospitals Delhi,12,gynecologist-and-obstetrician,delhi
Dr Loveleena Nadir,"MBBS, MD (Obs & Gyn)",Obstetrics & Gynecology,"31 years
          of experience","English, हिंदी","MON- SAT
             (09:00 AM-11:00 AM, 12:00 PM-01:00 PM)",Apollo Cradle Nehru Place,13,gynecologist-and-obstetrician,delhi
Dr Madhu Roy,"MBBS, MD",Obstetrics & Gynecology,"30 years
          of experience","English, हिंदी","MON | WED, FRI
             (10:00 AM-12:00 PM | 02:00 PM-04:00 PM)",Apollo Hospitals Delhi,14,gynecologist-and-obstetrician,delhi
Dr Malvika Sabharwal,"MBBS, MS (OBG)",Obstetrics & Gynecology,"35 years
          of experience","English, हिंदी","MON- SAT
             (10:00 AM-01:00 PM)",Apollo Spectra Hospitals Karol Bagh,15,gynecologist-and-obstetrician,delhi
Dr Aftab Ahmed,"MBBS, MD (General Medicine)",Internal Medicine,"13 years
          of experience","English, हिंदी, తెలుగు, اردو","MON- SAT
             (10:00 AM-04:00 PM)",Apollo Hospitals Secunderabad,1,internal-medicine-physician,hyderabad
Dr Anish Anand Jannareddy,MBBS; MD (General Medicine),Internal Medicine,"16 years
          of experience","English, हिंदी, తెలుగు","MON- SAT
             (10:00 AM-05:00 PM)",Apollo Health City Jubilee Hills,2,internal-medicine-physician,hyderabad
Dr Ashish Chauhan,"MD Int.Med,Fellowship Diabetes, FIAMS [IMA]",Internal Medicine,"20 years
          of experience","English, हिंदी, ਪੰਜਾਬੀ, தமிழ், తెలుగు","MON- SAT
             (10:00 AM-02:00 PM)",Apollo Hospitals Secunderabad,3,internal-medicine-physician,hyderabad
Dr Bhargava V K,MBBS; MD(Internal Medicine),Internal Medicine,"42 years
          of experience","English, हिंदी, తెలుగు","MON- SAT | MON- SAT | MON- FRI
             (10:00 AM-10:30 AM | 11:00 AM-12:15 PM | 04:00 PM-05:00 PM)",Apollo Health City Jubilee Hills,4,internal-medicine-physician,hyderabad
Dr Bhattacharjee S,"MD (INTERNAL MEDICINE), PGDHM, MBBS",Internal Medicine,"38 years
          of experience","English, অসমিয়া, বাংলা, हिंदी, తెలుగు","MON- SAT
             (11:30 AM-04:00 PM)",Apollo Hospitals Secunderabad,5,internal-medicine-physician,hyderabad
Dr C H Vasanth Kumar,"MBBS, MD(General Medicine)","Geriatrics, Internal Medicine","32 years
          of experience","English, हिंदी, తెలుగు","MON- SAT
             (08:00 AM-06:00 PM)",Apollo Health City Jubilee Hills,6,internal-medicine-physician,hyderabad
Dr Ganesh Yadala,MBBS; MD (INTERNAL MEDICINE),Internal Medicine,"31 years
          of experience","English, हिंदी, فارسی, తెలుగు, اردو","MON- SAT
             (10:00 AM-03:00 PM)",Apollo Health City Jubilee Hills,7,internal-medicine-physician,hyderabad
Dr Indira Ramasahayam Reddy,MBBS; MD (INTERNAL MEDICINE); ABIM,Internal Medicine,"26 years
          of experience","English, हिंदी, తెలుగు","MON- SAT
             (10:00 AM-01:00 PM)",Apollo Health City Jubilee Hills,8,internal-medicine-physician,hyderabad
Dr Jaganmani Sreekanth,MBBS; Diploma (Ophthalmology); MD (Internal Medicine),Internal Medicine,"25 years
          of experience","English, हिंदी, தமிழ், తెలుగు","MON- SAT
             (02:30 PM-04:00 PM)",Apollo Health City Jubilee Hills,9,internal-medicine-physician,hyderabad
Dr K Dhanraj,MD(Internal Medicine),Internal Medicine,"17 years
          of experience","English, हिंदी, తెలుగు","MON- SAT
             (10:00 AM-06:00 PM)",Apollo Health City Jubilee Hills,10,internal-medicine-physician,hyderabad
Dr K Naga Jyothi,"MBBS, MD(General Medicine)",General Medicine,"7 years
          of experience","English, हिंदी, తెలుగు","MON- SAT
             (10:00 AM-02:00 PM)",Apollo Hospitals D R D O,11,internal-medicine-physician,hyderabad
Dr Karthik Reddy,MBBS /M.D/General Medicine,General Medicine,"12 years
          of experience","English, हिंदी, తెలుగు","MON- SAT
             (08:00 AM-08:00 PM)",Apollo Teleclinic,12,internal-medicine-physician,hyderabad
Dr Kiran Macha,"MBBS, DNB (Medicine), MPH (USA)",Internal Medicine,"10 years
          of experience","English, हिंदी, ಕನ್ನಡ, తెలుగు","MON- SAT | MON- SAT
             (08:00 AM-10:00 AM | 02:00 PM-08:00 PM)",Apollo Hospitals Secunderabad,13,internal-medicine-physician,hyderabad
Dr Koniki Priyanka,MBBS M.D General Medicine,General Medicine,"3 years
          of experience","English, हिंदी, తెలుగు","MON- SAT
             (08:00 AM-08:00 PM)",Apollo Teleclinic,14,internal-medicine-physician,hyderabad
Dr Lakshmi Godavarthy,MBBS; MD (Internal Medicine),Internal Medicine,"17 years
          of experience","English, हिंदी, తెలుగు","MON- SAT
             (09:00 AM-05:00 PM)",Apollo Health City Jubilee Hills,15,internal-medicine-physician,hyderabad
Dr Anshuman Khaitan,MBBS,General Medicine,"40 years
          of experience","English, हिंदी, ಕನ್ನಡ","MON, WED | SAT
             (04:30 PM-06:00 PM | 04:00 PM-06:00 PM)",Apollo Spectra Hospitals Koramangala,1,internal-medicine-physician,bangalore
Dr Ashok M L,"MBBS, MD(GENERAL MEDICINE)",General Medicine,"22 years
          of experience","English, తెలుగు","SUN- SAT
             (03:00 PM-06:00 PM)",Apollo Speciality Hospitals Jayanagar Bangalore,2,internal-medicine-physician,bangalore
Dr Aswathy Mary James,DNB (Medicine),General Medicine,"11 years
          of experience",English,"MON- SAT
             (09:00 AM-10:00 AM)",Apollo Speciality Hospitals Jayanagar Bangalore,3,internal-medicine-physician,bangalore
Dr Dinesh Kamat,"MBBS, MD",Internal Medicine,"30 years
          of experience","English, हिंदी, ಕನ್ನಡ, தமிழ்","MON- SAT
             (03:00 PM-04:15 PM)",Apollo Hospitals Sheshadripuram,4,internal-medicine-physician,bangalore
Dr Jyothsna Krishnappa,"MBBS, MD(Medicine)",Internal Medicine,"20 years
          of experience","English, हिंदी, ಕನ್ನಡ, മലയാളം","MON- THU, SAT
             (11:00 AM-01:30 PM)",Apollo Hospitals Bannerghatta Road,5,internal-medicine-physician,bangalore
Dr Kalpana Janardan,"MBBS,MD(American Board Certified in Gen Medicine",Internal Medicine,"20 years
          of experience","English, हिंदी, ಕನ್ನಡ","MON- SAT | MON- SAT
             (11:00 AM-01:00 PM | 02:00 PM-03:00 PM)",Apollo Hospitals Bannerghatta Road,6,internal-medicine-physician,bangalore
Dr Malla Reddy,"MBBS, MD (Internal Medicine)",Internal Medicine,"11 years
          of experience","English, हिंदी, ಕನ್ನಡ","MON- SAT | MON- SAT
             (05:30 PM-07:30 PM | 09:00 AM-11:00 AM)",Apollo Hospitals Bannerghatta Road,7,internal-medicine-physician,bangalore
Dr Pooja Pillai,"MBBS,MD",Internal Medicine,"7 years
          of experience",English,"MON- SAT
             (10:00 AM-04:00 PM)",Apollo Speciality Hospitals Jayanagar Bangalore,8,internal-medicine-physician,bangalore
Dr Rajeeva Moger,"MBBS, MD (General Medicine)",Internal Medicine,"19 years
          of experience","English, हिंदी, ಕನ್ನಡ","MON- SAT | MON- SAT
             (11:00 AM-01:00 PM | 02:00 PM-03:30 PM)",Apollo Hospitals Bannerghatta Road,9,internal-medicine-physician,bangalore
Dr Ramesh B S,"MBBS, MD",Internal Medicine,"36 years
          of experience","English, हिंदी, ಕನ್ನಡ","MON- SAT
             (11:00 AM-01:00 PM)",Apollo Hospitals Bannerghatta Road,10,internal-medicine-physician,bangalore
Dr Ravi Kesari,MD Internal Medicine,General Medicine,"12 years
          of experience","English, हिंदी, ಕನ್ನಡ, മലയാളം, தமிழ்","MON- SAT
             (04:00 PM-06:00 PM)",Apollo Spectra Hospitals Koramangala,11,internal-medicine-physician,bangalore
Dr Raza Shah,"MBBS, MD (GENERAL MEDICINE)",Internal Medicine,"20 years
          of experience","English, हिंदी, ಕನ್ನಡ, فارسی, தமிழ்","MON- SAT
             (08:30 AM-10:30 AM, 03:00 PM-05:00 PM)",Apollo Hospitals Bannerghatta Road,12,internal-medicine-physician,bangalore
Dr S P Rupashree,MD (Gen Med),General Medicine,"19 years
          of experience","English, हिंदी, ಕನ್ನಡ","MON, TUE | WED | THU | FRI | SAT
             (09:30 AM-12:00 PM | 09:00 AM-12:00 PM, 05:00 PM-07:00 PM | 05:00 PM-07:00 PM | 09:30 AM-12:00 PM | 09:00 AM-12:00 PM)",Apollo Spectra Hospitals Koramangala,13,internal-medicine-physician,bangalore
Dr S S Kumar,MD( INTERNAL MEDICINE),Internal Medicine,"40 years
          of experience","English, हिंदी, ಕನ್ನಡ, தமிழ்","MON- SAT
             (10:00 AM-11:30 AM)",Apollo Hospitals Sheshadripuram,14,internal-medicine-physician,bangalore
Dr Shaafi Masood,"MBBS, DNB - INTERNAL MEDICINE",Internal Medicine,"15 years
          of experience","English, हिंदी, தமிழ்","MON, TUE | WED | THU | FRI, SAT
             (02:00 PM-04:00 PM | 02:15 PM-04:00 PM | 02:30 PM-04:00 PM | 02:00 PM-04:00 PM)",Apollo Speciality Hospitals Jayanagar Bangalore,15,internal-medicine-physician,bangalore
Dr Akila Mani,"MBBS, MRCP, MRCGP, PG Diploma Diabetes and endocrinology",General Medicine,"4 years
          of experience","English, தமிழ்","MON- SAT
             (09:00 AM-03:00 PM)",Apollo Speciality Hospitals Vanagaram,1,internal-medicine-physician,chennai
Dr Aman Kumar,"MBBS, MD",General Medicine,"29 years
          of experience","English, தமிழ்","SUN- SAT, SUN- SAT
             (09:00 AM-12:00 PM)",The Apollo Heart Centre,2,internal-medicine-physician,chennai
Dr Ananth S,"MBBS, MD, Diploma NB",General Medicine,"10 years
          of experience","English, தமிழ்","MON- SAT
             (08:00 AM-09:00 AM)",Apollo Cancer Institutes,3,internal-medicine-physician,chennai
Dr Arshad Akeel,"MBBS, MD, FRCP, FACP, DABTM, FICA, FCCP",General Medicine,"37 years
          of experience","English, தமிழ்","MON- SAT
             (09:00 AM-06:00 PM)",Apollo Hospitals Greams Road Chennai,4,internal-medicine-physician,chennai
Dr Balamurugan Karuppan,"MBBS, MRCP(LONDON)",General Medicine,"17 years
          of experience","English, हिंदी, தமிழ்","MON- SAT
             (03:00 PM-05:00 PM)",Apollo Speciality Hospitals O M R,5,internal-medicine-physician,chennai
Dr Bhaskar S,MD(INT MED); FRCP; FACP,General Medicine,"25 years
          of experience","English, বাংলা, हिंदी, ಕನ್ನಡ, தமிழ், తెలుగు","MON- SAT
             (09:00 AM-06:00 PM)",Apollo Hospitals Greams Road Chennai,6,internal-medicine-physician,chennai
Dr Chandrasekar Chandilya,"MD (Internal Medicine);
FRCP",General Medicine,"29 years
          of experience","English, தமிழ்","MON- SAT
             (09:00 AM-03:00 PM)",Apollo Hospitals Greams Road Chennai,7,internal-medicine-physician,chennai
Dr Devarajan T V,"B.Sc, MD, FRCP (G), D.Sc (Hons), FCIP, FCCP (USA), FACM",General Medicine,"30 years
          of experience","English, हिंदी, മലയാളം, தமிழ், తెలుగు","MON- SAT
             (10:00 AM-02:00 PM)",Apollo Firstmed Hospital,8,internal-medicine-physician,chennai
Dr Durga Damodaran,"MBBS,MRCGP, Dip in Diabetes (UK)
Dip in Diabetes, Certification in Botox & Fillers. (Cosmetology)",General Medicine,"15 years
          of experience","English, தமிழ்","MON- SAT
             (10:00 AM-01:00 PM)","Apollo Hospitals Greams Road Chennai, Apollo Medical Centre Karapakkam",9,internal-medicine-physician,chennai
Dr Hari Krishna,MD(General Medicine ),General Medicine,"13 years
          of experience","English, தமிழ்","MON- SAT
             (08:00 AM-06:00 PM)",Apollo Hospitals Greams Road Chennai,10,internal-medicine-physician,chennai
Dr Hari Prasath J,"MD(Gen Med), FCCP, PGD Diab",General Medicine,"12 years
          of experience","English, हिंदी, தமிழ்","SUN- SAT | SUN- SAT
             (01:00 PM-02:00 PM | 12:00 PM-01:00 PM)",Apollo Hospitals Tondiarpet,11,internal-medicine-physician,chennai
Dr Hariprasath J,"MD (gen Med), FRCP, FCCP,DP.DIABETOLOGY",General Medicine,"12 years
          of experience","English, हिंदी, தமிழ்","MON- SAT
             (09:00 AM-12:00 PM)",Apollo Firstmed Hospital,12,internal-medicine-physician,chennai
Dr Jagadeesh C,"MBBS, MD, FRCP, FCCP",General Medicine,"20 years
          of experience","English, தமிழ்","MON- SAT | MON- SAT
             (05:00 PM-06:30 PM | 08:00 AM-02:45 PM)",Apollo Hospitals Greams Road Chennai,13,internal-medicine-physician,chennai
Dr Jayashree Krishnan,"MBBS, MD (General Medicine)",General Medicine,"21 years
          of experience","English, આ, हिंदी, മലയാളം, தமிழ், తెలుగు","MON- SAT
             (09:00 AM-05:00 PM)",Apollo Speciality Hospitals Vanagaram,14,internal-medicine-physician,chennai
Dr Jayashree Soundrarajan,MD.AB(Internal Medicine),General Medicine,"19 years
          of experience","English, français, हिंदी, ಕನ್ನಡ, தமிழ்","MON- SAT
             (04:00 PM-05:00 PM)",Apollo Cancer Institutes,15,internal-medicine-physician,chennai
Dr C Sharma,Speciality: General Medicine,Language: English,-,-,"WED | FRI | SAT
             (09:30 AM-11:00 AM | 09:00 AM-11:00 AM | 03:00 PM-05:00 PM)",Jehangir Hospital,1,internal-medicine-physician,pune
Dr Mahesh Kagali,Speciality: General Medicine,Language: English,-,-,"MON | THU
             (09:00 AM-01:00 PM | 09:00 AM-11:00 AM)",Jehangir Hospital,2,internal-medicine-physician,pune
Dr Sanjay Nagarkar,"MBBS, MD",Internal Medicine,"35 years
          of experience","English, हिंदी, मराठी","MON- SAT
             (10:30 AM-01:00 PM)",Apollo Spectra Hospitals Pune,3,internal-medicine-physician,pune
Dr Amita Raina,"MBBS, MD",General Medicine,"15 years
          of experience","English, हिंदी","MON- WED | THU | FRI, SAT
             (06:00 PM-09:00 PM | 03:00 PM-08:00 PM | 03:00 PM-06:00 PM)",Apollo Clinic Viman Nagar Pune,4,internal-medicine-physician,pune
Dr Anand Kalaskar,"MBBS, MD",General Medicine,"10 years
          of experience","English, हिंदी, मराठी","MON- SAT
             (09:00 AM-01:00 PM, 02:00 PM-08:00 PM)",Apollo Clinic Nigdipradhikaran,5,internal-medicine-physician,pune
Dr ANUJ PARAS SURANA,"MBBS, DNB",General Medicine,"10 years
          of experience",English,"TUE, THU, SAT
             (11:00 AM-02:00 PM)",Apollo Clinic Kharadi,6,internal-medicine-physician,pune
Dr Geetanjali Patil,"MBBS, DCTD",General Medicine,"8 years
          of experience","English, हिंदी","MON- SAT
             (06:00 PM-07:00 PM)",Apollo Clinic Wanowrie,7,internal-medicine-physician,pune
Dr Govind Kulkarni,MD,General Medicine,"25 years
          of experience","English, हिंदी, मराठी","WED, FRI
             (11:00 AM-12:00 PM)",Apollo Clinic Kharadi,8,internal-medicine-physician,pune
Dr Hrishikesh T Joshi,"MBBS, MD (Internal Medicine)",Diabetology & Internal Medicine,"9 years
          of experience","English, हिंदी, मराठी","MON | TUE, WED | THU, FRI | SAT
             (09:30 AM-01:30 PM | 03:00 PM-07:00 PM | 09:30 AM-01:30 PM | 03:00 PM-07:00 PM)",Apollo Sugar Clinic Swargate,9,internal-medicine-physician,pune
Dr Mukesh Budhwani,M.D.Medicine,General Medicine,"13 years
          of experience","English, मराठी","MON- WED | THU | FRI, SAT
             (11:00 AM-06:00 PM | 11:00 AM-03:00 PM | 11:00 AM-03:00 PM, 06:00 PM-09:00 PM)",Apollo Clinic Viman Nagar Pune,10,internal-medicine-physician,pune
Dr Mushfiya Bahrainwala,MBBS and PG in Hospital Management,General Medicine,"6 years
          of experience","العَرَبِيَّة‎, English, આ, हिंदी","MON- SAT
             (09:00 AM-05:00 PM)",Apollo Clinic Wanowrie,11,internal-medicine-physician,pune
Dr Nilanjan Banerjee,MBBS,General Medicine,"23 years
          of experience",English,"MON, TUE | WED | THU | FRI, SAT
             (10:00 AM-01:30 PM | 10:00 AM-11:00 AM, 12:00 PM-01:30 PM | 10:00 AM-10:30 AM, 12:00 PM-01:30 PM | 10:00 AM-10:30 AM, 12:00 PM-12:30 PM)",Apollo Clinic Wanowrie,12,internal-medicine-physician,pune
Dr Nilima Mane,"MBBS,MD (Internal Medicine)",Diabetology & Internal Medicine,"9 years
          of experience","English, हिंदी, मराठी","MON | TUE, WED | THU, FRI | SAT
             (03:00 PM-07:00 PM | 09:30 AM-01:30 PM | 03:00 PM-07:00 PM | 09:30 AM-01:30 PM)",Apollo Sugar Clinic Swargate,13,internal-medicine-physician,pune
Dr Rameshwar Bhagaji Hudekar,"DNB, Medicine",General Medicine,"9 years
          of experience",English,"MON- SAT
             (05:00 PM-06:00 PM)",Apollo Clinic Nigdipradhikaran,14,internal-medicine-physician,pune
Dr Suruchi Mandrekar,FCPS(GMED),General Medicine,Language: English,-,"MON- SAT
             (10:00 AM-02:00 PM)",Apollo Clinic Aundh Pune,15,internal-medicine-physician,pune
Dr Akshay Challani,"MBBS, DNB, FCPS, FCCM",General Medicine,"15 years
          of experience","English, हिंदी, मराठी","THU
             (09:30 AM-10:30 AM)",Apollo Hospitals Navi Mumbai,1,internal-medicine-physician,mumbai
Dr Anand Misra,"MBBS, DNB",General Medicine,"14 years
          of experience","English, हिंदी, मराठी","MON- SAT
             (11:00 AM-07:00 PM)","Apollo Hospitals Navi Mumbai, Apollo Outpatient Centre Vashi",2,internal-medicine-physician,mumbai
Dr Bharat Agarwal,"M.B.B.S, D.N.B. (GENERAL MEDICINE),IDCCM, MNAMS",General Medicine,"11 years
          of experience","English, આ, हिंदी","MON- SAT | MON- SAT
             (10:30 AM-01:00 PM | 05:30 PM-07:30 PM)",Apollo Hospitals Navi Mumbai,3,internal-medicine-physician,mumbai
Dr Hari Chablani,MBBS; DNB MEDICINE; MNAMS; FELLOWSHIP IN CRITICAL CARE MEDICINE,Physician,"13 years
          of experience","English, हिंदी, मराठी","MON- SAT
             (10:00 AM-11:00 AM)",Apollo Spectra Hospitals Tardeo,4,internal-medicine-physician,mumbai
Dr Manish Pendse,"MBBS,MD.",General Medicine,"9 years
          of experience",English,"MON- SAT
             (03:00 PM-09:00 PM)",Apollo Hospitals Navi Mumbai,5,internal-medicine-physician,mumbai
Dr Saifuddin Bandukwala,"M.B.B.S. (October1976)		F.C.P.S. (April 1981)
M.D.(Gen. Medicine) from Grant Medical College, Mumbai., May 1981",Internal Medicine,"38 years
          of experience","English, આ, हिंदी","SAT
             (01:00 PM-02:00 PM)",Apollo Hospitals Navi Mumbai,6,internal-medicine-physician,mumbai
Dr Suresh Ade,"MBBS, MD (General Medicine)",General Medicine,"18 years
          of experience","English, આ, हिंदी","WED, FRI
             (12:00 PM-01:00 PM)",Apollo Hospitals Navi Mumbai,7,internal-medicine-physician,mumbai
Dr Vaishali Lokhande,"MBBS, MD(Med), DNB(Med), AFIH",Internal Medicine,"18 years
          of experience","English, हिंदी, मराठी","MON- SAT
             (10:00 AM-12:00 PM, 04:00 PM-06:00 PM)",Apollo Hospitals Navi Mumbai,8,internal-medicine-physician,mumbai
Dr Jagdish Vaswani,MD ( Medicine),Physician,Language: English,-,"MON- SAT
             (08:30 AM-12:30 PM)",Apollo Clinic Colaba,9,internal-medicine-physician,mumbai
Dr Ajay K Sinha,"MBBS, MD",Internal Medicine,"25 years
          of experience","English, বাংলা, આ, हिंदी","TUE, SAT
             (09:00 AM-12:00 PM)",Apollo Hospitals Delhi,1,internal-medicine-physician,delhi
Dr Alok Kumar Agarwal,"MBBS, MD, MRCP(UK)",Internal Medicine,"30 years
          of experience","English, हिंदी","MON- SAT
             (11:00 AM-02:00 PM)",Apollo Hospitals Delhi,2,internal-medicine-physician,delhi
Dr Gitanjali Kochar,"MBBS, MRCP(UK)",Internal Medicine,"28 years
          of experience","English, العَرَبِيَّة‎, हिंदी, ਪੰਜਾਬੀ, اردو","MON- SAT
             (11:00 AM-02:00 PM)",Apollo Hospitals Delhi,3,internal-medicine-physician,delhi
Dr Hitesh Punyani,"MBBS, MD (Medicine)",Internal Medicine & Diabetics,"18 years
          of experience","English, हिंदी","MON- FRI
             (01:30 PM-03:00 PM)",Apollo Cradle Moti Nagar,4,internal-medicine-physician,delhi
Dr J M Dua,"MBBS, MD",Internal Medicine,"43 years
          of experience","English, हिंदी, ਪੰਜਾਬੀ","MON- SAT
             (03:00 PM-03:15 PM)",Apollo Hospitals Delhi,5,internal-medicine-physician,delhi
Dr Jasvinder Paintal,"MBBS, Diplomate In Internal Medcine",Internal Medicine,"13 years
          of experience",English,"MON, WED, THU | FRI | SAT
             (01:00 PM-02:30 PM | 01:00 PM-02:00 PM | 01:00 PM-02:30 PM)",Apollo Hospitals Delhi,6,internal-medicine-physician,delhi
Dr Kamal Ahmad,"MBBS, MD (Medicine)",Internal Medicine,"18 years
          of experience","English, العَرَبِيَّة‎, हिंदी, اردو","MON- SAT
             (05:00 PM-06:00 PM)",Apollo Hospitals Delhi,7,internal-medicine-physician,delhi
Dr Lekh Ram Sharma,"MBBS from Indira Gandhi Medical College, Shimla (HP University) – 1977
MD (Medicine) from AFMC Pune, (Pune University) - 1982",Internal Medicine,"38 years
          of experience","English, हिंदी","MON- SAT
             (02:00 PM-05:00 PM)",Apollo Hospitals Delhi,8,internal-medicine-physician,delhi
Dr M L Kalra,"M.B.B.S.,MD",General Medicine,"33 years
          of experience",English,"MON, WED- SAT
             (06:00 PM-07:00 PM)",Apollo Spectra Hospitals Kailash Colony,9,internal-medicine-physician,delhi
Dr M S Chaudhary,"MBBS, MD (Medicine)",Internal Medicine,"28 years
          of experience","English, हिंदी","MON- SAT
             (09:30 AM-12:00 PM)",Apollo Hospitals Delhi,10,internal-medicine-physician,delhi
Dr Nandini Gupta,"MBBS (AIIMS), MRCGP (UK), DRCOG (UK), DFFP (UK), LMSSA (UK).",General Medicine,"27 years
          of experience","English, हिंदी","MON- FRI
             (02:00 PM-03:00 PM)",Apollo Cradle Nehru Place,11,internal-medicine-physician,delhi
Dr Navneet Kaur,MBBS,General Medicine,"15 years
          of experience",English,"MON- SAT
             (09:30 AM-01:30 PM)",Apollo Spectra Hospitals Kailash Colony,12,internal-medicine-physician,delhi
Dr Pradeep Kawatra,"MBBS, MD",General Medicine,"32 years
          of experience","English, हिंदी","MON- SAT
             (09:00 AM-10:30 AM)",Apollo Spectra Hospitals Kailash Colony,13,internal-medicine-physician,delhi
Dr Rakesh Gupta,"MBBS, MD(Medicine), FIACM",Internal Medicine,"25 years
          of experience","English, हिंदी","MON- FRI
             (10:00 AM-12:00 PM)",Apollo Hospitals Delhi,14,internal-medicine-physician,delhi
Dr Rakesh Kumar,"MBBS, MD",Internal Medicine,"30 years
          of experience","English, हिंदी","MON- SAT
             (01:00 PM-05:00 PM)",Apollo Hospitals Delhi,15,internal-medicine-physician,delhi
